孕妇代码,lower,upper,censoring,检测次数,不同孕周数,孕妇BMI,年龄,身高,体重,IVF,孕次,产次
A001,15.857142857142858,20.142857142857142,interval,4,4,28.515625,31.0,160.0,73.0,0.0,1.0,0.0
A002,0.0,13.857142857142858,left,5,4,34.23269222,32.0,149.0,76.0,0.0,2.0,1.0
A003,0.0,13.0,left,6,4,30.94140625,35.0,160.0,79.21000000000001,0.0,3.0,1.0
A004,0.0,11.0,left,4,4,28.64124339,26.0,158.0,71.5,0.0,3.0,1.0
A005,0.0,12.285714285714286,left,4,4,31.066666665,30.0,150.0,69.9,0.0,3.0,1.0
A006,0.0,12.142857142857142,left,4,4,36.182664785,31.0,153.0,84.69999999999999,0.0,3.0,1.0
A007,23.714285714285715,inf,right,5,4,34.25044224,35.0,163.0,91.0,0.0,3.0,0.0
A008,0.0,13.0,left,4,4,30.07284079,25.0,155.0,72.25,0.0,1.0,0.0
A009,0.0,13.857142857142858,left,4,4,33.777777775000004,24.0,150.0,76.0,0.0,3.0,0.0
A010,24.714285714285715,inf,right,7,4,35.55555556,23.0,150.0,80.0,0.0,1.0,0.0
A011,16.142857142857142,20.571428571428573,interval,4,4,36.93444137,30.0,171.0,108.0,0.0,3.0,0.0
A012,11.428571428571429,16.142857142857142,interval,4,4,30.593132155,32.0,155.0,73.5,0.0,2.0,1.0
A013,0.0,11.571428571428571,left,4,4,35.75595619,28.0,163.0,95.0,0.0,3.0,1.0
A014,16.285714285714285,20.0,interval,4,4,35.627190975000005,29.0,162.0,93.5,0.0,1.0,0.0
A015,12.857142857142858,15.857142857142858,interval,4,4,31.133333335,31.0,150.0,70.05,0.0,2.0,0.0
A016,0.0,12.714285714285714,left,4,4,30.68418523,31.0,158.0,76.6,0.0,3.0,0.0
A017,0.0,13.714285714285714,left,2,2,28.46648301,38.0,165.0,77.5,0.0,3.0,0.0
A018,0.0,13.285714285714286,left,4,4,28.13365651,33.0,152.0,65.0,0.0,2.0,0.0
A019,0.0,12.285714285714286,left,4,4,29.296875,27.0,160.0,75.0,0.0,1.0,0.0
A020,0.0,12.285714285714286,left,2,2,29.818653904999998,27.0,157.0,73.5,0.0,1.0,0.0
A021,0.0,13.571428571428571,left,4,4,35.308888885,29.0,150.0,79.445,0.0,3.0,2.0
A022,0.0,11.0,left,4,4,29.35418411,25.0,159.0,73.75,0.0,2.0,0.0
A023,0.0,13.0,left,6,4,30.0432623,29.0,158.0,75.0,0.0,3.0,1.0
A024,11.571428571428571,16.0,interval,4,4,33.90039448,32.0,156.0,82.5,0.0,1.0,0.0
A025,0.0,11.0,left,4,4,29.75206612,27.0,165.0,81.0,0.0,2.0,0.0
A026,16.0,21.285714285714285,interval,7,4,28.04037814,28.0,158.0,70.0,0.0,2.0,1.0
A027,0.0,13.428571428571429,left,6,4,30.697190425000002,27.0,155.0,73.75,0.0,3.0,1.0
A028,0.0,13.714285714285714,left,4,4,33.24787694,29.0,158.0,83.0,0.0,2.0,0.0
A029,17.285714285714285,19.428571428571427,interval,7,4,34.1932133,28.0,152.0,79.0,0.0,1.0,0.0
A030,0.0,13.857142857142858,left,4,4,30.94693028,29.0,155.0,74.35,0.0,3.0,2.0
A031,12.0,17.857142857142858,interval,4,4,30.997561349999998,28.0,162.0,81.35,0.0,2.0,0.0
A032,0.0,12.0,left,5,4,32.56188509,29.0,169.0,93.0,0.0,1.0,0.0
A033,0.0,13.285714285714286,left,4,4,37.129737665,24.5,163.0,98.65,0.0,1.0,0.0
A034,0.0,12.285714285714286,left,4,4,30.84627667,27.5,166.0,85.0,0.0,3.0,1.0
A035,16.714285714285715,20.857142857142858,interval,5,4,34.72222222,28.0,168.0,98.0,0.0,2.0,0.0
A036,0.0,12.428571428571429,left,4,4,29.29065744,33.0,170.0,84.65,0.0,2.0,1.0
A037,0.0,12.857142857142858,left,4,4,28.728266904999998,28.0,153.0,67.25,0.0,1.0,0.0
A038,0.0,13.285714285714286,left,4,4,28.570428205,32.0,169.0,81.6,0.0,3.0,0.0
A039,0.0,13.285714285714286,left,4,4,29.935720845,25.0,165.0,81.5,0.0,1.0,0.0
A040,0.0,13.428571428571429,left,4,4,31.625352030000002,30.0,158.5,79.44999999999999,0.0,1.0,0.0
A041,0.0,13.714285714285714,left,8,4,36.80844735,32.0,164.0,99.0,0.0,1.0,0.0
A042,23.571428571428573,26.428571428571427,interval,5,5,37.46367424,29.0,169.0,107.0,0.0,2.0,1.0
A043,0.0,12.857142857142858,left,3,2,30.48668503,29.0,165.0,83.0,0.0,3.0,2.0
A044,12.285714285714286,16.285714285714285,interval,4,4,29.757584555,25.0,166.0,82.0,0.0,2.0,1.0
A045,12.0,15.714285714285714,interval,4,4,30.301903629999998,23.0,164.0,81.5,0.0,1.0,0.0
A046,0.0,12.285714285714286,left,4,4,28.433248300000002,28.0,168.0,80.25,0.0,2.0,0.0
A047,0.0,13.142857142857142,left,4,4,29.39453125,30.0,160.0,75.25,0.0,2.0,1.0
A048,0.0,13.285714285714286,left,4,4,34.344536864999995,29.0,163.0,91.25,0.0,1.0,0.0
A049,0.0,13.142857142857142,left,6,4,32.87419651,30.0,165.0,89.5,0.0,3.0,1.0
A050,11.857142857142858,17.0,interval,4,4,35.133136095,26.0,156.0,85.5,0.0,1.0,0.0
A051,12.285714285714286,16.142857142857142,interval,4,4,39.485766755,26.0,165.0,107.5,0.0,3.0,1.0
A052,0.0,12.285714285714286,left,4,4,43.708714055,27.0,159.0,110.5,0.0,2.0,1.0
A053,20.285714285714285,24.0,interval,4,4,37.20238095,28.0,168.0,105.0,0.0,2.0,1.0
A054,0.0,13.142857142857142,left,4,4,29.6875,29.0,160.0,76.0,0.0,3.0,2.0
A055,0.0,12.285714285714286,left,7,5,36.13233468,23.0,163.0,96.0,0.0,2.0,1.0
A056,12.571428571428571,16.285714285714285,interval,4,4,32.667652860000004,22.0,156.0,79.5,0.0,1.0,0.0
A057,0.0,11.428571428571429,left,4,4,34.369492065,41.0,158.0,85.8,0.0,3.0,2.0
A058,0.0,12.857142857142858,left,4,4,32.462195925,22.0,156.0,79.0,0.0,1.0,0.0
A059,0.0,13.0,left,4,4,31.7329413,21.0,167.0,88.5,0.0,1.0,0.0
A060,12.571428571428571,15.571428571428571,interval,4,4,38.94681326,22.0,157.0,96.0,0.0,2.0,1.0
A061,0.0,13.428571428571429,left,4,4,35.995411575,22.0,159.0,91.0,0.0,3.0,1.0
A062,0.0,13.857142857142858,left,4,4,33.203125,24.0,160.0,85.0,0.0,2.0,1.0
A063,13.0,16.0,interval,4,4,36.28973726,25.0,166.0,100.0,0.0,1.0,0.0
A064,0.0,11.857142857142858,left,4,4,31.640625,25.0,160.0,81.0,0.0,3.0,1.0
A065,0.0,12.714285714285714,left,4,4,32.04614645,25.0,158.0,80.0,0.0,2.0,1.0
A066,13.285714285714286,16.571428571428573,interval,6,4,31.21748179,26.0,155.0,75.0,0.0,1.0,0.0
A067,12.142857142857142,15.142857142857142,interval,4,4,32.44672328,28.0,158.0,81.0,0.0,2.0,1.0
A068,0.0,13.571428571428571,left,4,4,30.42719786,28.0,157.0,75.0,0.0,2.0,1.0
A069,0.0,12.285714285714286,left,8,4,33.984375,28.0,160.0,87.0,0.0,3.0,2.0
A070,0.0,12.285714285714286,left,3,3,30.46875,28.0,160.0,78.0,0.0,2.0,1.0
A071,0.0,13.571428571428571,left,4,4,34.72088268,30.0,161.0,90.0,0.0,2.0,1.0
A072,0.0,13.428571428571429,left,4,4,30.83289383,31.0,157.0,76.0,0.0,2.0,1.0
A073,0.0,13.571428571428571,left,6,4,34.13111342,37.0,155.0,82.0,0.0,1.0,0.0
A074,15.714285714285714,inf,right,2,2,46.875,30.0,160.0,120.0,0.0,1.0,0.0
A075,0.0,12.142857142857142,left,2,2,27.91551883,38.0,165.0,76.0,0.0,2.0,1.0
A076,0.0,12.0,left,4,4,35.3515625,25.0,160.0,90.5,0.0,1.0,0.0
A077,16.571428571428573,inf,right,2,2,34.49388648,35.0,167.0,96.2,0.0,3.0,0.0
A078,17.0,20.857142857142858,interval,4,4,29.89398422,28.0,156.0,72.75,0.0,1.0,0.0
A079,0.0,12.428571428571429,left,7,3,32.24206349,43.0,168.0,91.0,0.0,3.0,1.0
A080,14.857142857142858,18.857142857142858,interval,4,4,32.04614645,32.0,158.0,80.0,0.0,3.0,1.0
A081,0.0,14.0,left,1,1,32.8125,27.0,160.0,84.0,0.0,3.0,2.0
A082,0.0,11.0,left,4,4,30.185554595,32.0,163.0,80.2,0.0,3.0,2.0
A083,23.0,inf,right,3,3,32.29786616,32.0,166.0,89.0,0.0,1.0,0.0
A084,0.0,12.0,left,5,4,28.55851414,31.0,156.0,69.5,1.0,1.0,0.0
A085,0.0,12.0,left,4,4,32.443825509999996,25.0,163.0,86.2,0.0,1.0,0.0
A086,0.0,13.0,left,4,4,31.62627648,27.0,162.0,83.0,0.0,1.0,0.0
A087,13.857142857142858,15.857142857142858,interval,4,4,30.023051755,25.0,164.0,80.75,0.0,2.0,0.0
A088,0.0,13.0,left,2,2,30.110278895,27.0,163.0,80.0,0.0,3.0,1.0
A089,0.0,11.142857142857142,left,4,4,32.11428571,31.0,175.0,98.35,0.0,2.0,1.0
A090,0.0,13.571428571428571,left,4,4,29.1259212,26.0,168.0,82.205,0.0,1.0,0.0
A091,0.0,11.0,left,7,4,30.30057084,26.0,166.5,84.0,0.0,1.0,0.0
A092,0.0,12.142857142857142,left,4,4,30.4833793,34.0,166.0,84.0,0.0,2.0,1.0
A093,0.0,12.428571428571429,left,4,4,31.00091827,27.0,165.0,84.4,0.0,1.0,0.0
A094,0.0,12.857142857142858,left,4,4,29.75206612,33.0,165.0,81.0,0.0,3.0,2.0
A095,0.0,12.857142857142858,left,4,4,39.707930295,27.0,163.0,105.5,0.0,2.0,0.0
A096,0.0,13.0,left,5,4,27.90105194,29.0,156.0,67.9,0.0,3.0,1.0
A097,13.142857142857142,16.428571428571427,interval,4,4,36.752662720000004,29.0,162.5,97.05,0.0,1.0,0.0
A098,0.0,13.142857142857142,left,4,4,30.343694919999997,36.0,158.0,75.75,0.0,3.0,1.0
A099,15.285714285714286,19.571428571428573,interval,4,4,41.953125,31.0,160.0,107.4,0.0,3.0,1.0
A100,0.0,11.714285714285714,left,4,4,30.286054405,32.0,169.0,86.5,0.0,2.0,1.0
A101,0.0,13.571428571428571,left,4,4,36.781587565,31.0,163.0,97.725,0.0,2.0,1.0
A102,13.0,16.428571428571427,interval,4,4,38.390605595,36.0,163.0,102.0,0.0,3.0,1.0
A103,0.0,13.714285714285714,left,4,4,31.710600905,22.0,168.0,89.5,0.0,2.0,0.0
A104,0.0,12.285714285714286,left,4,4,30.63720878,22.0,163.0,81.4,0.0,2.0,0.0
A105,0.0,13.142857142857142,left,4,4,32.502604065,27.0,161.0,84.25,0.0,2.0,1.0
A106,0.0,12.857142857142858,left,4,4,31.99217133,29.0,163.0,85.0,0.0,1.0,0.0
A107,0.0,13.0,left,3,3,33.03844202,30.0,158.5,83.0,1.0,2.0,0.0
A108,0.0,12.714285714285714,left,4,4,29.846813955000002,33.0,163.0,79.3,0.0,2.0,0.0
A109,19.285714285714285,26.142857142857142,interval,5,4,29.76086272,30.0,169.0,85.0,0.0,1.0,0.0
A110,12.714285714285714,16.714285714285715,interval,4,4,29.40759637,30.0,168.0,83.0,0.0,1.0,0.0
A111,0.0,12.857142857142858,left,6,4,35.87894111,27.0,164.0,96.5,0.0,1.0,0.0
A112,0.0,12.0,left,4,4,40.65743945,32.0,170.0,117.5,0.0,1.0,0.0
A113,24.285714285714285,inf,right,4,4,32.912012884999996,30.0,169.0,94.0,0.0,1.0,0.0
A114,0.0,16.0,left,5,3,30.11940192,28.0,167.0,84.0,0.0,2.0,0.0
A115,0.0,12.428571428571429,left,4,4,35.024732515,28.0,158.0,88.0,0.0,1.0,0.0
A116,0.0,13.857142857142858,left,1,1,28.60476495,28.0,163.0,76.0,0.0,2.0,1.0
A117,0.0,12.285714285714286,left,4,4,31.239414355,24.0,163.0,83.0,0.0,2.0,1.0
A118,0.0,22.0,left,1,1,44.98269896,32.0,170.0,130.0,0.0,3.0,2.0
A119,0.0,13.857142857142858,left,4,4,33.46222487,24.0,164.0,90.0,0.0,2.0,0.0
A120,0.0,11.428571428571429,left,1,1,35.68535165,34.0,161.0,92.5,0.0,3.0,0.0
A121,0.0,13.857142857142858,left,4,4,30.644127545,34.0,158.0,76.5,0.0,3.0,2.0
A122,0.0,13.571428571428571,left,4,4,37.29068808,31.0,167.0,104.0,0.0,2.0,1.0
A123,11.714285714285714,inf,right,1,1,30.42719786,26.0,157.0,75.0,0.0,1.0,0.0
A124,16.285714285714285,20.285714285714285,interval,4,4,29.89969136,29.0,144.0,62.0,0.0,1.0,0.0
A125,0.0,12.428571428571429,left,4,4,26.812237185,26.0,161.0,69.5,0.0,1.0,0.0
A126,12.857142857142858,16.428571428571427,interval,4,4,31.8359375,27.0,160.0,81.5,0.0,2.0,1.0
A127,0.0,12.285714285714286,left,4,4,29.13631634,28.5,155.0,70.0,0.0,1.0,0.0
A128,0.0,13.142857142857142,left,3,3,35.3798127,24.0,155.0,85.0,0.0,2.0,0.0
A129,0.0,12.285714285714286,left,4,4,31.25,25.0,160.0,80.0,0.0,2.0,0.0
A130,11.857142857142858,16.0,interval,5,4,29.41176471,25.0,170.0,85.0,0.0,1.0,0.0
A131,16.428571428571427,21.428571428571427,interval,3,3,30.47796622,27.0,167.0,85.0,0.0,1.0,0.0
A132,12.428571428571429,16.142857142857142,interval,4,4,30.6640625,32.0,160.0,78.5,0.0,3.0,1.0
A133,0.0,16.428571428571427,left,2,2,28.26602431,38.0,163.0,75.1,0.0,2.0,1.0
A134,0.0,12.285714285714286,left,4,4,33.203125,30.0,160.0,85.0,0.0,3.0,0.0
A135,0.0,12.428571428571429,left,2,2,29.56841139,29.0,165.0,80.5,0.0,3.0,1.0
A136,12.142857142857142,16.571428571428573,interval,4,4,32.82727127,33.0,158.0,81.95,0.0,2.0,1.0
A137,0.0,13.714285714285714,left,4,4,30.83289383,31.0,157.0,76.0,0.0,3.0,0.0
A138,0.0,12.857142857142858,left,3,3,29.20110193,25.0,165.0,79.5,0.0,2.0,0.0
A139,0.0,12.142857142857142,left,4,4,30.46875,33.0,160.0,78.0,0.0,3.0,0.0
A140,0.0,12.142857142857142,left,4,4,29.752066114999998,26.0,165.0,81.0,0.0,1.0,0.0
A141,0.0,13.857142857142858,left,6,4,29.296875,28.0,160.0,75.0,0.0,2.0,1.0
A142,12.285714285714286,16.285714285714285,interval,4,4,39.30211203,25.0,165.0,107.0,0.0,1.0,0.0
A143,0.0,11.857142857142858,left,4,4,31.054717269999998,24.0,162.0,81.5,0.0,1.0,0.0
A144,12.714285714285714,20.571428571428573,interval,3,3,30.64767574,28.0,168.0,86.5,0.0,2.0,0.0
A145,0.0,13.142857142857142,left,4,4,30.62283737,29.0,170.0,88.5,0.0,1.0,0.0
A146,0.0,12.714285714285714,left,6,4,31.640625,27.0,160.0,81.0,0.0,1.0,0.0
A147,0.0,11.571428571428571,left,5,4,31.40698548,30.0,159.0,79.4,0.0,1.0,0.0
A148,0.0,12.428571428571429,left,4,4,28.876133785,32.0,168.0,81.5,0.0,1.0,0.0
A149,19.571428571428573,23.571428571428573,interval,5,5,31.7535201,37.0,166.0,87.5,1.0,3.0,0.0
A150,0.0,12.857142857142858,left,5,5,31.21748179,30.0,155.0,75.0,0.0,1.0,0.0
A151,0.0,12.714285714285714,left,4,3,29.475842625,39.0,153.0,69.0,0.0,3.0,1.0
A152,0.0,11.857142857142858,left,4,4,35.208298195,34.0,154.0,83.5,0.0,1.0,0.0
A153,0.0,12.142857142857142,left,4,4,34.51676529,26.0,156.0,84.0,0.0,1.0,0.0
A154,0.0,11.857142857142858,left,4,4,29.842973885,29.0,158.0,74.5,0.0,1.0,0.0
A155,0.0,12.0,left,8,4,30.647675735,29.0,168.0,86.5,0.0,1.0,0.0
A156,0.0,20.0,left,1,1,28.98114344,31.0,163.0,77.0,0.0,2.0,0.0
A157,0.0,12.285714285714286,left,2,2,34.08631772,28.0,165.0,92.8,0.0,1.0,0.0
A158,0.0,12.285714285714286,left,4,4,36.73094582,28.0,165.0,100.0,0.0,1.0,0.0
A159,13.571428571428571,17.0,interval,4,4,39.01384083,31.0,170.0,112.75,0.0,3.0,0.0
A160,13.142857142857142,16.285714285714285,interval,4,4,20.703125,31.0,160.0,53.0,0.0,1.0,0.0
A161,0.0,12.571428571428571,left,4,4,36.36363636,31.0,165.0,99.0,0.0,2.0,0.0
A162,0.0,12.142857142857142,left,4,4,31.40495868,33.0,165.0,85.5,0.0,2.0,1.0
A163,20.0,23.428571428571427,interval,5,4,33.30612245,34.0,175.0,102.0,0.0,1.0,0.0
A164,0.0,13.0,left,1,1,30.85399449,31.0,165.0,84.0,0.0,3.0,1.0
A165,16.0,19.142857142857142,interval,3,3,33.203125,26.0,160.0,85.0,0.0,3.0,1.0
A166,0.0,11.714285714285714,left,4,4,33.21799308,29.0,170.0,96.0,0.0,1.0,0.0
A167,0.0,13.0,left,4,4,28.164039265,28.0,164.0,75.75,0.0,2.0,0.0
A168,0.0,11.428571428571429,left,4,4,30.604446794130197,26.0,157.0,75.44,0.0,1.0,0.0
A169,0.0,12.571428571428571,left,4,4,31.511524091641498,25.0,159.0,79.66499999999999,0.0,1.0,0.0
A170,0.0,11.714285714285714,left,4,4,29.852525434879702,28.0,168.0,84.255,0.0,1.0,0.0
A171,0.0,12.285714285714286,left,4,4,32.79068441762545,28.0,160.0,83.94,0.0,1.0,0.0
A172,0.0,13.571428571428571,left,4,4,33.320684163219696,21.0,161.0,86.37,0.0,3.0,0.0
A173,0.0,12.428571428571429,left,4,4,33.251438960252756,32.0,169.0,94.97,0.0,2.0,1.0
A174,0.0,11.142857142857142,left,4,4,29.728749059213,29.0,162.0,78.02,0.0,1.0,0.0
A175,0.0,13.0,left,4,4,31.9410087973409,36.0,154.0,75.75,0.0,1.0,0.0
A176,0.0,11.571428571428571,left,4,4,30.0373009427821,31.0,157.0,74.04,0.0,3.0,0.0
A177,0.0,11.0,left,4,4,32.093731677810254,27.0,158.0,80.12,0.0,1.0,0.0
A178,0.0,11.571428571428571,left,4,4,34.45545385750495,37.0,166.0,94.94999999999999,0.0,1.0,0.0
A179,0.0,12.0,left,4,4,30.736290772378602,37.0,162.0,80.66499999999999,0.0,1.0,0.0
A180,0.0,11.857142857142858,left,4,4,33.665617768217245,25.0,162.0,88.35,0.0,1.0,0.0
A181,0.0,12.0,left,4,4,30.6081740602096,30.0,161.0,79.34,0.0,1.0,0.0
A182,0.0,12.714285714285714,left,4,4,31.139763461764502,28.0,157.0,76.755,0.0,1.0,0.0
A183,0.0,12.571428571428571,left,4,4,32.95230090603155,29.0,169.0,94.11500000000001,0.0,3.0,1.0
A184,0.0,11.285714285714286,left,4,4,30.81034436536575,29.0,162.0,80.86,0.0,3.0,0.0
A185,0.0,12.0,left,4,4,29.000307197559103,25.0,150.0,65.25,0.0,1.0,0.0
A186,0.0,13.285714285714286,left,4,4,34.5723891245865,29.0,164.0,92.985,0.0,1.0,0.0
A187,0.0,13.428571428571429,left,4,4,32.56963922140575,34.0,158.0,81.31,0.0,1.0,0.0
A188,0.0,12.571428571428571,left,4,4,31.029344106509498,28.0,155.0,74.55000000000001,0.0,1.0,0.0
A189,0.0,12.714285714285714,left,4,4,28.21116807291965,28.0,159.0,71.32,0.0,3.0,0.0
A190,0.0,12.714285714285714,left,4,4,35.66794980855845,33.0,155.0,85.695,0.0,3.0,1.0
A191,0.0,11.285714285714286,left,4,4,38.67497427971435,31.0,156.0,94.115,0.0,1.0,0.0
A192,0.0,11.428571428571429,left,4,4,32.73017966935325,24.0,157.0,80.675,0.0,1.0,0.0
A193,0.0,11.285714285714286,left,4,4,33.7672645358385,29.0,152.0,78.015,0.0,3.0,2.0
A194,0.0,12.714285714285714,left,4,4,34.2856988590181,33.0,164.0,92.215,0.0,1.0,0.0
A195,0.0,13.285714285714286,left,4,4,30.4758298591061,33.0,161.0,79.0,0.0,1.0,0.0
A196,0.0,12.0,left,4,4,31.29760414506355,30.0,154.0,74.225,0.0,1.0,0.0
A197,0.0,11.428571428571429,left,4,4,28.48468275948035,31.0,166.0,78.495,1.0,1.0,0.0
A198,0.0,12.571428571428571,left,4,4,30.7274840213424,25.0,162.0,80.64500000000001,0.0,1.0,0.0
A199,0.0,13.571428571428571,left,4,4,33.404748603253296,29.0,159.0,84.45,0.0,3.0,0.0
A200,0.0,13.857142857142858,left,4,4,31.619831582914998,26.0,164.0,85.04499999999999,0.0,3.0,0.0
A201,0.0,11.0,left,4,4,31.835204530762503,27.0,164.0,85.62,0.0,1.0,0.0
A202,0.0,11.857142857142858,left,4,4,31.7390617668824,31.0,164.0,85.36500000000001,0.0,3.0,0.0
A203,0.0,11.571428571428571,left,4,4,28.5281463732537,25.0,163.0,75.79499999999999,0.0,1.0,0.0
A204,0.0,11.571428571428571,left,4,4,33.7235699567846,29.0,163.0,89.6,0.0,3.0,2.0
A205,0.0,11.714285714285714,left,4,4,29.201728077691,30.0,160.0,74.755,0.0,1.0,0.0
A206,0.0,11.0,left,4,4,31.748841189250953,29.0,158.0,79.255,0.0,2.0,1.0
A207,0.0,12.571428571428571,left,4,4,30.92920120405215,34.0,158.0,77.215,0.0,1.0,0.0
A208,0.0,12.571428571428571,left,4,4,31.7791255941719,25.0,157.0,78.33500000000001,0.0,3.0,1.0
A209,0.0,13.285714285714286,left,4,4,34.97491244911275,30.0,159.0,88.41999999999999,0.0,1.0,0.0
A210,0.0,13.0,left,4,4,31.0008513417669,28.0,154.0,73.52,0.0,1.0,0.0
A211,0.0,12.142857142857142,left,4,4,30.5374649421416,28.0,171.0,89.28999999999999,0.0,1.0,0.0
A212,0.0,12.0,left,4,4,28.90676520977285,30.0,166.0,79.655,0.0,3.0,2.0
A213,0.0,11.142857142857142,left,4,4,30.56413335769415,25.0,154.0,72.485,0.0,1.0,0.0
A214,0.0,11.0,left,4,4,29.9188873761143,25.0,158.0,74.69,0.0,1.0,0.0
A215,0.0,13.142857142857142,left,4,4,32.75326348821415,27.0,158.0,81.765,0.0,1.0,0.0
A216,0.0,11.857142857142858,left,4,4,30.129913320340698,34.0,164.0,81.035,0.0,3.0,0.0
A217,0.0,12.571428571428571,left,4,4,32.633984613025845,29.0,160.0,83.53999999999999,0.0,3.0,1.0
A218,15.142857142857142,16.142857142857142,interval,4,4,34.769862329126354,29.0,161.0,90.125,0.0,3.0,0.0
A219,0.0,11.285714285714286,left,4,4,29.1974333030037,28.0,160.0,74.745,0.0,3.0,2.0
A220,0.0,12.571428571428571,left,4,4,30.37482923510775,30.0,160.0,77.76,0.0,2.0,1.0
A221,0.0,12.142857142857142,left,4,4,34.024742357270355,26.0,167.0,94.895,0.0,1.0,0.0
A222,0.0,12.857142857142858,left,4,4,33.63928165724415,32.0,159.0,85.04499999999999,0.0,3.0,3.0
A223,0.0,13.142857142857142,left,4,4,36.09405608794965,30.0,168.0,101.875,0.0,3.0,0.0
A224,0.0,12.285714285714286,left,4,4,32.25013581155175,26.0,152.0,74.50999999999999,0.0,1.0,0.0
A225,0.0,13.714285714285714,left,4,4,29.14835810350105,29.0,163.0,77.445,0.0,3.0,0.0
A226,0.0,13.857142857142858,left,4,4,30.3855709296992,31.0,161.0,78.765,0.0,1.0,0.0
A227,0.0,12.285714285714286,left,4,4,32.9320218173639,30.0,161.0,85.365,0.0,1.0,0.0
A228,0.0,12.571428571428571,left,4,4,35.71154710919035,33.0,162.0,93.72,0.0,1.0,0.0
A229,0.0,13.714285714285714,left,4,4,32.3781250287451,27.0,157.0,79.805,0.0,1.0,0.0
A230,0.0,12.142857142857142,left,4,4,34.163886451479144,32.0,158.0,85.285,0.0,1.0,0.0
A231,0.0,13.571428571428571,left,4,4,33.4212717275011,32.0,155.0,80.295,0.0,1.0,0.0
A232,0.0,13.571428571428571,left,4,4,29.84282552030815,28.0,155.0,71.7,0.0,1.0,0.0
A233,0.0,12.714285714285714,left,4,4,32.032679334536056,26.0,162.0,84.065,0.0,1.0,0.0
A234,0.0,11.142857142857142,left,4,4,34.86608864151185,25.0,162.0,91.5,0.0,1.0,0.0
A235,0.0,13.142857142857142,left,4,4,33.79973360662695,30.0,160.0,86.525,0.0,3.0,0.0
A236,0.0,12.142857142857142,left,4,4,33.01364668339245,28.0,165.0,89.88,0.0,1.0,0.0
A237,0.0,13.0,left,4,4,32.6838779870466,34.0,170.0,94.455,0.0,1.0,0.0
A238,0.0,12.714285714285714,left,4,4,31.0522087940614,30.0,158.0,77.52000000000001,0.0,1.0,0.0
A239,0.0,13.428571428571429,left,4,4,29.4813354150318,27.0,148.0,64.58,0.0,1.0,0.0
A240,0.0,13.714285714285714,left,4,4,34.719758030974006,25.0,165.0,94.525,0.0,1.0,0.0
A241,0.0,11.142857142857142,left,4,4,29.19109963269905,27.0,156.0,71.03999999999999,0.0,1.0,0.0
A242,0.0,13.285714285714286,left,4,4,30.16082648209865,30.0,157.0,74.345,0.0,1.0,0.0
A243,0.0,11.714285714285714,left,4,4,33.29489922428375,27.0,165.0,90.645,0.0,3.0,0.0
A244,0.0,12.714285714285714,left,4,4,29.543497176563,30.0,159.0,74.685,0.0,1.0,0.0
A245,0.0,12.571428571428571,left,4,4,31.145959711264602,27.0,154.0,73.86500000000001,0.0,1.0,0.0
A246,0.0,13.285714285714286,left,4,4,29.81589415792335,28.0,161.0,77.285,0.0,1.0,0.0
A247,0.0,12.428571428571429,left,4,4,33.444642202213245,26.0,159.0,84.555,0.0,3.0,0.0
A248,0.0,12.285714285714286,left,4,4,32.6798904209325,34.0,160.0,83.66,0.0,3.0,0.0
A249,0.0,13.285714285714286,left,4,4,32.952519078235,29.0,162.0,86.47999999999999,0.0,3.0,3.0
A250,0.0,13.142857142857142,left,4,4,33.09423173112215,29.0,158.0,82.61500000000001,0.0,1.0,0.0
A251,0.0,11.857142857142858,left,4,4,33.516868395390006,23.0,163.0,89.05,0.0,3.0,3.0
A252,0.0,13.428571428571429,left,4,4,33.29128015052985,30.0,159.0,84.16,0.0,3.0,0.0
A253,0.0,13.0,left,4,4,28.48326701231565,25.0,162.0,74.75,0.0,1.0,0.0
A254,0.0,13.285714285714286,left,4,4,31.948473407810198,26.0,165.0,86.97999999999999,0.0,1.0,0.0
A255,0.0,12.571428571428571,left,4,4,32.302920512276046,31.0,162.0,84.775,0.0,1.0,0.0
A256,0.0,13.428571428571429,left,4,4,33.6053172397059,27.0,158.0,83.89,0.0,1.0,0.0
A257,0.0,11.571428571428571,left,4,4,29.838881840526298,23.0,166.0,82.225,0.0,1.0,0.0
A258,0.0,11.714285714285714,left,4,4,30.9101181268883,34.0,165.0,84.155,0.0,3.0,1.0
A259,0.0,13.714285714285714,left,4,4,30.39108784697835,21.0,163.0,80.745,0.0,1.0,0.0
A260,0.0,12.142857142857142,left,4,4,34.1266192080988,30.0,161.0,88.46000000000001,0.0,1.0,0.0
A261,0.0,12.571428571428571,left,4,4,34.424715162626455,32.0,157.0,84.85499999999999,0.0,1.0,0.0
A262,0.0,12.285714285714286,left,4,4,33.74019124610065,27.0,167.0,94.095,0.0,1.0,0.0
A263,0.0,12.571428571428571,left,4,4,29.6245423937216,30.0,157.0,73.02,0.0,1.0,0.0
A264,0.0,11.714285714285714,left,4,4,32.93627435732185,30.0,171.0,96.31,0.0,1.0,0.0
A265,0.0,11.714285714285714,left,4,4,34.2202747815798,32.0,168.0,96.58500000000001,0.0,1.0,0.0
A266,0.0,13.714285714285714,left,4,4,32.36606027757795,30.0,159.0,81.82499999999999,0.0,1.0,0.0
A267,0.0,11.571428571428571,left,4,4,30.966682409243802,28.0,155.0,74.4,0.0,1.0,0.0
