record,repeat,thickness_um
附件1(10°),1,7.49046900576799
附件1(10°),2,7.465110039369936
附件1(10°),3,7.416888716218092
附件1(10°),4,7.465110039369936
附件1(10°),5,7.48727694181621
附件1(10°),6,7.558042858285146
附件1(10°),7,7.543685326153257
附件1(10°),8,7.49046900576799
附件1(10°),9,7.647764439714118
附件1(10°),10,7.468302103321715
附件1(10°),11,7.48727694181621
附件1(10°),12,7.5707127547169435
附件1(10°),13,7.5016344739481
附件1(10°),14,7.493661069719768
附件1(10°),15,7.504826537899879
附件1(10°),16,7.49046900576799
附件1(10°),17,7.48727694181621
附件1(10°),18,7.600093710490304
附件1(10°),19,7.558042858285146
附件1(10°),20,7.468302103321715
附件1(10°),21,7.442943136923662
附件1(10°),22,7.493661069719768
附件1(10°),23,7.428045068559258
附件1(10°),24,7.43549410274146
附件1(10°),25,7.558042858285146
附件1(10°),26,7.404007608734206
附件1(10°),27,7.504826537899879
附件1(10°),28,7.558042858285146
附件1(10°),29,7.465110039369936
附件1(10°),30,7.468302103321715
附件1(10°),31,7.558042858285146
附件1(10°),32,7.468302103321715
附件1(10°),33,7.465110039369936
附件1(10°),34,7.428045068559258
附件1(10°),35,7.43549410274146
附件1(10°),36,7.465110039369936
附件1(10°),37,7.43549410274146
附件1(10°),38,7.5468773901050366
附件1(10°),39,7.504826537899879
附件1(10°),40,7.465110039369936
附件1(10°),41,7.504826537899879
附件1(10°),42,7.504826537899879
附件1(10°),43,7.48727694181621
附件1(10°),44,7.504826537899879
附件1(10°),45,7.504826537899879
附件1(10°),46,7.424337750400294
附件1(10°),47,7.623929075102211
附件1(10°),48,7.504826537899879
附件1(10°),49,7.468302103321715
附件1(10°),50,7.600093710490304
附件1(10°),51,7.600093710490304
附件1(10°),52,7.623929075102211
附件1(10°),53,7.493661069719768
附件1(10°),54,7.5468773901050366
附件1(10°),55,7.504826537899879
附件1(10°),56,7.465110039369936
附件1(10°),57,7.504826537899879
附件1(10°),58,7.49046900576799
附件1(10°),59,7.49046900576799
附件1(10°),60,7.468302103321715
附件1(10°),61,7.465110039369936
附件1(10°),62,7.465110039369936
附件1(10°),63,7.465110039369936
附件1(10°),64,7.468302103321715
附件1(10°),65,7.6610872625867525
附件1(10°),66,7.405732363876926
附件1(10°),67,7.504826537899879
附件1(10°),68,7.404007608734206
附件1(10°),69,7.48727694181621
附件1(10°),70,7.5016344739481
附件1(10°),71,7.424337750400294
附件1(10°),72,7.465110039369936
附件1(10°),73,7.43549410274146
附件1(10°),74,7.442943136923662
附件1(10°),75,7.504826537899879
附件1(10°),76,7.504826537899879
附件1(10°),77,7.5468773901050366
附件1(10°),78,7.558042858285146
附件1(10°),79,7.623929075102211
附件1(10°),80,7.48727694181621
附件1(10°),81,7.460853069139513
附件1(10°),82,7.49046900576799
附件1(10°),83,7.623929075102211
附件1(10°),84,7.465110039369936
附件1(10°),85,7.504826537899879
附件1(10°),86,7.6610872625867525
附件1(10°),87,7.493661069719768
附件1(10°),88,7.515992006079989
附件1(10°),89,7.600093710490304
附件1(10°),90,7.504826537899879
附件1(10°),91,7.504826537899879
附件1(10°),92,7.43549410274146
附件1(10°),93,7.49046900576799
附件1(10°),94,7.49046900576799
附件1(10°),95,7.49046900576799
附件1(10°),96,7.49046900576799
附件1(10°),97,7.465110039369936
附件1(10°),98,7.442943136923662
附件1(10°),99,7.49046900576799
附件1(10°),100,7.49046900576799
附件1(10°),101,7.465110039369936
附件1(10°),102,7.424337750400294
附件1(10°),103,7.404007608734206
附件1(10°),104,7.415163961075372
附件1(10°),105,7.428045068559258
附件1(10°),106,7.5468773901050366
附件1(10°),107,7.493661069719768
附件1(10°),108,7.674410085459386
附件1(10°),109,7.581878222897053
附件1(10°),110,7.558042858285146
附件1(10°),111,7.504826537899879
附件1(10°),112,7.558042858285146
附件1(10°),113,7.504826537899879
附件1(10°),114,7.465110039369936
附件1(10°),115,7.402282853591485
附件1(10°),116,7.5016344739481
附件1(10°),117,7.558042858285146
附件1(10°),118,7.543685326153257
附件1(10°),119,7.48727694181621
附件1(10°),120,7.48727694181621
附件1(10°),121,7.5468773901050366
附件1(10°),122,7.404007608734206
附件1(10°),123,7.442943136923662
附件1(10°),124,7.647764439714118
附件1(10°),125,7.493661069719768
附件1(10°),126,7.493661069719768
附件1(10°),127,7.48727694181621
附件1(10°),128,7.468302103321715
附件1(10°),129,7.543685326153257
附件1(10°),130,7.442943136923662
附件1(10°),131,7.504826537899879
附件1(10°),132,7.504826537899879
附件1(10°),133,7.637251897974846
附件1(10°),134,7.504826537899879
附件1(10°),135,7.48727694181621
附件1(10°),136,7.674410085459386
附件1(10°),137,7.479467571501825
附件1(10°),138,7.647764439714118
附件1(10°),139,7.504826537899879
附件1(10°),140,7.442943136923662
附件1(10°),141,7.405732363876926
附件1(10°),142,7.493661069719768
附件1(10°),143,7.472018537319624
附件1(10°),144,7.493661069719768
附件1(10°),145,7.543685326153257
附件1(10°),146,7.493661069719768
附件1(10°),147,7.493661069719768
附件1(10°),148,7.43549410274146
附件1(10°),149,7.49046900576799
附件1(10°),150,7.5468773901050366
附件1(10°),151,7.558042858285146
附件1(10°),152,7.460853069139513
附件1(10°),153,7.5468773901050366
附件1(10°),154,7.442943136923662
附件1(10°),155,7.48727694181621
附件1(10°),156,7.442943136923662
附件1(10°),157,7.446504652846569
附件1(10°),158,7.48727694181621
附件1(10°),159,7.404007608734206
附件1(10°),160,7.416888716218092
附件1(10°),161,7.5468773901050366
附件1(10°),162,7.623929075102211
附件1(10°),163,7.6610872625867525
附件1(10°),164,7.468302103321715
附件1(10°),165,7.49046900576799
附件1(10°),166,7.405732363876926
附件1(10°),167,7.504826537899879
附件1(10°),168,7.600093710490304
附件1(10°),169,7.543685326153257
附件1(10°),170,7.647764439714118
附件1(10°),171,7.479467571501825
附件1(10°),172,7.647764439714118
附件1(10°),173,7.493661069719768
附件1(10°),174,7.442943136923662
附件1(10°),175,7.465110039369936
附件1(10°),176,7.442943136923662
附件1(10°),177,7.428045068559258
附件1(10°),178,7.558042858285146
附件1(10°),179,7.647764439714118
附件1(10°),180,7.515992006079989
附件1(10°),181,7.48727694181621
附件1(10°),182,7.43549410274146
附件1(10°),183,7.43549410274146
附件1(10°),184,7.49046900576799
附件1(10°),185,7.623929075102211
附件1(10°),186,7.465110039369936
附件1(10°),187,7.515992006079989
附件1(10°),188,7.442943136923662
附件1(10°),189,7.595201045769688
附件1(10°),190,7.43549410274146
附件1(10°),191,7.48727694181621
附件1(10°),192,7.493661069719768
附件1(10°),193,7.48727694181621
附件1(10°),194,7.465110039369936
附件1(10°),195,7.465110039369936
附件1(10°),196,7.465110039369936
附件1(10°),197,7.543685326153257
附件1(10°),198,7.416888716218092
附件1(10°),199,7.48727694181621
附件1(10°),200,7.515992006079989
附件1(10°),201,7.6610872625867525
附件1(10°),202,7.49046900576799
附件1(10°),203,7.442943136923662
附件1(10°),204,7.515992006079989
附件1(10°),205,7.468302103321715
附件1(10°),206,7.558042858285146
附件1(10°),207,7.402282853591485
附件1(10°),208,7.515992006079989
附件1(10°),209,7.416888716218092
附件1(10°),210,7.49046900576799
附件1(10°),211,7.48727694181621
附件1(10°),212,7.5016344739481
附件1(10°),213,7.581878222897053
附件1(10°),214,7.504826537899879
附件1(10°),215,7.647764439714118
附件1(10°),216,7.600093710490304
附件1(10°),217,7.5016344739481
附件1(10°),218,7.457661005187735
附件1(10°),219,7.558042858285146
附件1(10°),220,7.48727694181621
附件1(10°),221,7.43549410274146
附件1(10°),222,7.504826537899879
附件1(10°),223,7.415163961075372
附件1(10°),224,7.504826537899879
附件1(10°),225,7.623929075102211
附件1(10°),226,7.49046900576799
附件1(10°),227,7.5468773901050366
附件1(10°),228,7.404007608734206
附件1(10°),229,7.402282853591485
附件1(10°),230,7.460862184978458
附件1(10°),231,7.468302103321715
附件1(10°),232,7.558042858285146
附件1(10°),233,7.49046900576799
附件1(10°),234,7.472018537319624
附件1(10°),235,7.504826537899879
附件1(10°),236,7.43549410274146
附件1(10°),237,7.504826537899879
附件1(10°),238,7.442943136923662
附件1(10°),239,7.465110039369936
附件1(10°),240,7.5468773901050366
附件1(10°),241,7.493661069719768
附件1(10°),242,7.457661005187735
附件1(10°),243,7.5468773901050366
附件1(10°),244,7.581878222897053
附件1(10°),245,7.6610872625867525
附件1(10°),246,7.504826537899879
附件1(10°),247,7.465110039369936
附件1(10°),248,7.5016344739481
附件1(10°),249,7.5468773901050366
附件1(10°),250,7.5016344739481
附件1(10°),251,7.43549410274146
附件1(10°),252,7.49046900576799
附件1(10°),253,7.5468773901050366
附件1(10°),254,7.48727694181621
附件1(10°),255,7.442943136923662
附件1(10°),256,7.465110039369936
附件1(10°),257,7.6610872625867525
附件1(10°),258,7.465110039369936
附件1(10°),259,7.558042858285146
附件1(10°),260,7.623929075102211
附件1(10°),261,7.428045068559258
附件1(10°),262,7.623929075102211
附件1(10°),263,7.405732363876926
附件1(10°),264,7.493661069719768
附件1(10°),265,7.49046900576799
附件1(10°),266,7.465110039369936
附件1(10°),267,7.600093710490304
附件1(10°),268,7.515992006079989
附件1(10°),269,7.504826537899879
附件1(10°),270,7.415163961075372
附件1(10°),271,7.424337750400294
附件1(10°),272,7.504826537899879
附件1(10°),273,7.515992006079989
附件1(10°),274,7.623929075102211
附件1(10°),275,7.468302103321715
附件1(10°),276,7.49046900576799
附件1(10°),277,7.5468773901050366
附件1(10°),278,7.43549410274146
附件1(10°),279,7.504826537899879
附件1(10°),280,7.504826537899879
附件1(10°),281,7.581878222897053
附件1(10°),282,7.5468773901050366
附件1(10°),283,7.465110039369936
附件1(10°),284,7.442943136923662
附件1(10°),285,7.465110039369936
附件1(10°),286,7.465110039369936
附件1(10°),287,7.504826537899879
附件1(10°),288,7.442943136923662
附件1(10°),289,7.468302103321715
附件1(10°),290,7.504826537899879
附件1(10°),291,7.442943136923662
附件1(10°),292,7.465110039369936
附件1(10°),293,7.49046900576799
附件1(10°),294,7.465110039369936
附件1(10°),295,7.457661005187735
附件1(10°),296,7.5707127547169435
附件1(10°),297,7.49046900576799
附件1(10°),298,7.43549410274146
附件1(10°),299,7.5016344739481
附件1(10°),300,7.48727694181621
附件1(10°),301,7.465110039369936
附件1(10°),302,7.442943136923662
附件1(10°),303,7.543685326153257
附件1(10°),304,7.504826537899879
附件1(10°),305,7.558042858285146
附件1(10°),306,7.404007608734206
附件1(10°),307,7.515992006079989
附件1(10°),308,7.623929075102211
附件1(10°),309,7.558042858285146
附件1(10°),310,7.504826537899879
附件1(10°),311,7.43549410274146
附件1(10°),312,7.49046900576799
附件1(10°),313,7.623929075102211
附件1(10°),314,7.415163961075372
附件1(10°),315,7.43549410274146
附件1(10°),316,7.457661005187735
附件1(10°),317,7.405732363876926
附件1(10°),318,7.49046900576799
附件1(10°),319,7.493661069719768
附件1(10°),320,7.493661069719768
附件1(10°),321,7.49046900576799
附件1(10°),322,7.647764439714118
附件1(10°),323,7.465110039369936
附件1(10°),324,7.442943136923662
附件1(10°),325,7.521518423706983
附件1(10°),326,7.442943136923662
附件1(10°),327,7.415163961075372
附件1(10°),328,7.558042858285146
附件1(10°),329,7.558042858285146
附件1(10°),330,7.504826537899879
附件1(10°),331,7.49046900576799
附件1(10°),332,7.465110039369936
附件1(10°),333,7.49046900576799
附件1(10°),334,7.442943136923662
附件1(10°),335,7.504826537899879
附件1(10°),336,7.428045068559258
附件1(10°),337,7.43549410274146
附件1(10°),338,7.504826537899879
附件1(10°),339,7.543685326153257
附件1(10°),340,7.49046900576799
附件1(10°),341,7.623929075102211
附件1(10°),342,7.442943136923662
附件1(10°),343,7.5016344739481
附件1(10°),344,7.465110039369936
附件1(10°),345,7.504826537899879
附件1(10°),346,7.465110039369936
附件1(10°),347,7.428045068559258
附件1(10°),348,7.442943136923662
附件1(10°),349,7.543685326153257
附件1(10°),350,7.581878222897053
附件1(10°),351,7.5016344739481
附件1(10°),352,7.504826537899879
附件1(10°),353,7.558042858285146
附件1(10°),354,7.600093710490304
附件1(10°),355,7.558042858285146
附件1(10°),356,7.43549410274146
附件1(10°),357,7.6610872625867525
附件1(10°),358,7.515992006079989
附件1(10°),359,7.674410085459386
附件1(10°),360,7.48727694181621
附件1(10°),361,7.460862184978458
附件1(10°),362,7.600093710490304
附件1(10°),363,7.48727694181621
附件1(10°),364,7.504826537899879
附件1(10°),365,7.504826537899879
附件1(10°),366,7.514069389524781
附件1(10°),367,7.493661069719768
附件1(10°),368,7.49046900576799
附件1(10°),369,7.543685326153257
附件1(10°),370,7.428045068559258
附件1(10°),371,7.5016344739481
附件1(10°),372,7.48727694181621
附件1(10°),373,7.493661069719768
附件1(10°),374,7.43549410274146
附件1(10°),375,7.504826537899879
附件1(10°),376,7.623929075102211
附件1(10°),377,7.48727694181621
附件1(10°),378,7.515992006079989
附件1(10°),379,7.49046900576799
附件1(10°),380,7.623929075102211
附件1(10°),381,7.493661069719768
附件1(10°),382,7.43549410274146
附件1(10°),383,7.521518423706983
附件1(10°),384,7.493661069719768
附件1(10°),385,7.48727694181621
附件1(10°),386,7.424337750400294
附件1(10°),387,7.442943136923662
附件1(10°),388,7.465110039369936
附件1(10°),389,7.493661069719768
附件1(10°),390,7.468302103321715
附件1(10°),391,7.468302103321715
附件1(10°),392,7.493661069719768
附件1(10°),393,7.504826537899879
附件1(10°),394,7.5016344739481
附件1(10°),395,7.49046900576799
附件1(10°),396,7.515992006079989
附件1(10°),397,7.493661069719768
附件1(10°),398,7.504826537899879
附件1(10°),399,7.465110039369936
附件1(10°),400,7.504826537899879
附件2(15°),1,7.479494019965743
附件2(15°),2,7.502448200102789
附件2(15°),3,7.481626982577823
附件2(15°),4,7.503504829457109
附件2(15°),5,7.570482815712443
附件2(15°),6,7.527659381550013
附件2(15°),7,7.483759945189903
附件2(15°),8,7.483759945189903
附件2(15°),9,7.521136455015674
附件2(15°),10,7.483759945189903
附件2(15°),11,7.385247322687932
附件2(15°),12,7.385247322687932
附件2(15°),13,7.594637367805347
附件2(15°),14,7.385247322687932
附件2(15°),15,7.479494019965743
附件2(15°),16,7.483759945189903
附件2(15°),17,7.521136455015674
附件2(15°),18,7.484816574544224
附件2(15°),19,7.483759945189903
附件2(15°),20,7.484816574544224
附件2(15°),21,7.484816574544224
附件2(15°),22,7.387380285300012
附件2(15°),23,7.481626982577823
附件2(15°),24,7.483759945189903
附件2(15°),25,7.485873203898544
附件2(15°),26,7.503504829457109
附件2(15°),27,7.485873203898544
附件2(15°),28,7.481626982577823
附件2(15°),29,7.479494019965743
附件2(15°),30,7.545291007108578
附件2(15°),31,7.385247322687932
附件2(15°),32,7.503504829457109
附件2(15°),33,7.482683611932144
附件2(15°),34,7.481626982577823
附件2(15°),35,7.481626982577823
附件2(15°),36,7.481626982577823
附件2(15°),37,7.545291007108578
附件2(15°),38,7.484816574544224
附件2(15°),39,7.503504829457109
附件2(15°),40,7.484816574544224
附件2(15°),41,7.503504829457109
附件2(15°),42,7.503504829457109
附件2(15°),43,7.503504829457109
附件2(15°),44,7.503504829457109
附件2(15°),45,7.479494019965743
附件2(15°),46,7.479494019965743
附件2(15°),47,7.406068540212898
附件2(15°),48,7.385247322687932
附件2(15°),49,7.483759945189903
附件2(15°),50,7.343117156562975
附件2(15°),51,7.291000625410121
附件2(15°),52,7.521136455015674
附件2(15°),53,7.385247322687932
附件2(15°),54,7.503504829457109
附件2(15°),55,7.485873203898544
附件2(15°),56,7.481626982577823
附件2(15°),57,7.485873203898544
附件2(15°),58,7.503504829457109
附件2(15°),59,7.479494019965743
附件2(15°),60,7.569445559201482
附件2(15°),61,7.479494019965743
附件2(15°),62,7.481626982577823
附件2(15°),63,7.483759945189903
附件2(15°),64,7.482683611932144
附件2(15°),65,7.481626982577823
附件2(15°),66,7.503504829457109
附件2(15°),67,7.569445559201482
附件2(15°),68,7.483759945189903
附件2(15°),69,7.545291007108578
附件2(15°),70,7.503504829457109
附件2(15°),71,7.481626982577823
附件2(15°),72,7.545291007108578
附件2(15°),73,7.483759945189903
附件2(15°),74,7.503504829457109
附件2(15°),75,7.484816574544224
附件2(15°),76,7.483759945189903
附件2(15°),77,7.484816574544224
附件2(15°),78,7.481626982577823
附件2(15°),79,7.521136455015674
附件2(15°),80,7.503504829457109
附件2(15°),81,7.545291007108578
附件2(15°),82,7.479494019965743
附件2(15°),83,7.385247322687932
附件2(15°),84,7.484816574544224
附件2(15°),85,7.481626982577823
附件2(15°),86,7.485873203898544
附件2(15°),87,7.485873203898544
附件2(15°),88,7.485873203898544
附件2(15°),89,7.483759945189903
附件2(15°),90,7.481626982577823
附件2(15°),91,7.291000625410121
附件2(15°),92,7.484816574544224
附件2(15°),93,7.521136455015674
附件2(15°),94,7.485873203898544
附件2(15°),95,7.521136455015674
附件2(15°),96,7.484816574544224
附件2(15°),97,7.483759945189903
附件2(15°),98,7.5003152374907085
附件2(15°),99,7.479494019965743
附件2(15°),100,7.479494019965743
附件2(15°),101,7.479494019965743
附件2(15°),102,7.479494019965743
附件2(15°),103,7.545291007108578
附件2(15°),104,7.385247322687932
附件2(15°),105,7.545291007108578
附件2(15°),106,7.385247322687932
附件2(15°),107,7.479494019965743
附件2(15°),108,7.479494019965743
附件2(15°),109,7.521136455015674
附件2(15°),110,7.387380285300012
附件2(15°),111,7.291000625410121
附件2(15°),112,7.502448200102789
附件2(15°),113,7.479494019965743
附件2(15°),114,7.484816574544224
附件2(15°),115,7.485873203898544
附件2(15°),116,7.502448200102789
附件2(15°),117,7.503504829457109
附件2(15°),118,7.569445559201482
附件2(15°),119,7.482683611932144
附件2(15°),120,7.483759945189903
附件2(15°),121,7.479494019965743
附件2(15°),122,7.481626982577823
附件2(15°),123,7.569445559201482
附件2(15°),124,7.484816574544224
附件2(15°),125,7.248870459285165
附件2(15°),126,7.545291007108578
附件2(15°),127,7.485873203898544
附件2(15°),128,7.479494019965743
附件2(15°),129,7.481626982577823
附件2(15°),130,7.387380285300012
附件2(15°),131,7.569445559201482
附件2(15°),132,7.503504829457109
附件2(15°),133,7.503504829457109
附件2(15°),134,7.521136455015674
附件2(15°),135,7.481626982577823
附件2(15°),136,7.545291007108578
附件2(15°),137,7.481626982577823
附件2(15°),138,7.502448200102789
附件2(15°),139,7.569445559201482
附件2(15°),140,7.291000625410121
附件2(15°),141,7.485873203898544
附件2(15°),142,7.484816574544224
附件2(15°),143,7.484816574544224
附件2(15°),144,7.481626982577823
附件2(15°),145,7.484816574544224
附件2(15°),146,7.521136455015674
附件2(15°),147,7.483759945189903
附件2(15°),148,7.485873203898544
附件2(15°),149,7.479494019965743
附件2(15°),150,7.291000625410121
附件2(15°),151,7.484816574544224
附件2(15°),152,7.484816574544224
附件2(15°),153,7.385247322687932
附件2(15°),154,7.430223092305802
附件2(15°),155,7.526602752195693
附件2(15°),156,7.503504829457109
附件2(15°),157,7.527659381550013
附件2(15°),158,7.569445559201482
附件2(15°),159,7.385247322687932
附件2(15°),160,7.484816574544224
附件2(15°),161,7.479494019965743
附件2(15°),162,7.484816574544224
附件2(15°),163,7.521136455015674
附件2(15°),164,7.481626982577823
附件2(15°),165,7.479494019965743
附件2(15°),166,7.343117156562975
附件2(15°),167,7.485873203898544
附件2(15°),168,7.479494019965743
附件2(15°),169,7.483759945189903
附件2(15°),170,7.385247322687932
附件2(15°),171,7.481626982577823
附件2(15°),172,7.485873203898544
附件2(15°),173,7.484816574544224
附件2(15°),174,7.479494019965743
附件2(15°),175,7.502448200102789
附件2(15°),176,7.484816574544224
附件2(15°),177,7.479494019965743
附件2(15°),178,7.485873203898544
附件2(15°),179,7.527659381550013
附件2(15°),180,7.479494019965743
附件2(15°),181,7.485873203898544
附件2(15°),182,7.485873203898544
附件2(15°),183,7.479494019965743
附件2(15°),184,7.503504829457109
附件2(15°),185,7.570482815712443
附件2(15°),186,7.484816574544224
附件2(15°),187,7.545291007108578
附件2(15°),188,7.527659381550013
附件2(15°),189,7.521136455015674
附件2(15°),190,7.484816574544224
附件2(15°),191,7.484816574544224
附件2(15°),192,7.484816574544224
附件2(15°),193,7.291000625410121
附件2(15°),194,7.545291007108578
附件2(15°),195,7.5003152374907085
附件2(15°),196,7.569445559201482
附件2(15°),197,7.503504829457109
附件2(15°),198,7.503504829457109
附件2(15°),199,7.503504829457109
附件2(15°),200,7.521136455015674
附件2(15°),201,7.479494019965743
附件2(15°),202,7.479494019965743
附件2(15°),203,7.481626982577823
附件2(15°),204,7.521136455015674
附件2(15°),205,7.387380285300012
附件2(15°),206,7.481626982577823
附件2(15°),207,7.545291007108578
附件2(15°),208,7.291000625410121
附件2(15°),209,7.483759945189903
附件2(15°),210,7.248870459285165
附件2(15°),211,7.521136455015674
附件2(15°),212,7.502448200102789
附件2(15°),213,7.482683611932144
附件2(15°),214,7.481626982577823
附件2(15°),215,7.503504829457109
附件2(15°),216,7.545291007108578
附件2(15°),217,7.483759945189903
附件2(15°),218,7.484816574544224
附件2(15°),219,7.569445559201482
附件2(15°),220,7.481626982577823
附件2(15°),221,7.479494019965743
附件2(15°),222,7.521136455015674
附件2(15°),223,7.484816574544224
附件2(15°),224,7.482683611932144
附件2(15°),225,7.481626982577823
附件2(15°),226,7.545291007108578
附件2(15°),227,7.483759945189903
附件2(15°),228,7.321054664683863
附件2(15°),229,7.503504829457109
附件2(15°),230,7.485873203898544
附件2(15°),231,7.484816574544224
附件2(15°),232,7.483759945189903
附件2(15°),233,7.595143312732923
附件2(15°),234,7.481626982577823
附件2(15°),235,7.482683611932144
附件2(15°),236,7.484816574544224
附件2(15°),237,7.502448200102789
附件2(15°),238,7.482683611932144
附件2(15°),239,7.569445559201482
附件2(15°),240,7.481626982577823
附件2(15°),241,7.479494019965743
附件2(15°),242,7.483759945189903
附件2(15°),243,7.248870459285165
附件2(15°),244,7.503504829457109
附件2(15°),245,7.483759945189903
附件2(15°),246,7.594637367805347
附件2(15°),247,7.594637367805347
附件2(15°),248,7.484816574544224
附件2(15°),249,7.483759945189903
附件2(15°),250,7.503504829457109
附件2(15°),251,7.503504829457109
附件2(15°),252,7.503504829457109
附件2(15°),253,7.479494019965743
附件2(15°),254,7.385247322687932
附件2(15°),255,7.521136455015674
附件2(15°),256,7.569445559201482
附件2(15°),257,7.521136455015674
附件2(15°),258,7.481626982577823
附件2(15°),259,7.483759945189903
附件2(15°),260,7.545291007108578
附件2(15°),261,7.503504829457109
附件2(15°),262,7.481626982577823
附件2(15°),263,7.526602752195693
附件2(15°),264,7.545291007108578
附件2(15°),265,7.545291007108578
附件2(15°),266,7.484816574544224
附件2(15°),267,7.291000625410121
附件2(15°),268,7.385247322687932
附件2(15°),269,7.387380285300012
附件2(15°),270,7.483759945189903
附件2(15°),271,7.521136455015674
附件2(15°),272,7.291000625410121
附件2(15°),273,7.481626982577823
附件2(15°),274,7.503504829457109
附件2(15°),275,7.479494019965743
附件2(15°),276,7.484816574544224
附件2(15°),277,7.503504829457109
附件2(15°),278,7.481626982577823
附件2(15°),279,7.545291007108578
附件2(15°),280,7.291000625410121
附件2(15°),281,7.481626982577823
附件2(15°),282,7.569445559201482
附件2(15°),283,7.387380285300012
附件2(15°),284,7.482683611932144
附件2(15°),285,7.521136455015674
附件2(15°),286,7.482683611932144
附件2(15°),287,7.485873203898544
附件2(15°),288,7.482683611932144
附件2(15°),289,7.545291007108578
附件2(15°),290,7.485873203898544
附件2(15°),291,7.484816574544224
附件2(15°),292,7.545291007108578
附件2(15°),293,7.387380285300012
附件2(15°),294,7.527659381550013
附件2(15°),295,7.503504829457109
附件2(15°),296,7.291000625410121
附件2(15°),297,7.569445559201482
附件2(15°),298,7.483759945189903
附件2(15°),299,7.481626982577823
附件2(15°),300,7.484816574544224
附件2(15°),301,7.502448200102789
附件2(15°),302,7.503504829457109
附件2(15°),303,7.502448200102789
附件2(15°),304,7.5003152374907085
附件2(15°),305,7.482683611932144
附件2(15°),306,7.479494019965743
附件2(15°),307,7.387380285300012
附件2(15°),308,7.569445559201482
附件2(15°),309,7.291000625410121
附件2(15°),310,7.527659381550013
附件2(15°),311,7.485873203898544
附件2(15°),312,7.387380285300012
附件2(15°),313,7.385247322687932
附件2(15°),314,7.483759945189903
附件2(15°),315,7.481626982577823
附件2(15°),316,7.502448200102789
附件2(15°),317,7.521136455015674
附件2(15°),318,7.385247322687932
附件2(15°),319,7.483759945189903
附件2(15°),320,7.545291007108578
附件2(15°),321,7.291000625410121
附件2(15°),322,7.481626982577823
附件2(15°),323,7.385247322687932
附件2(15°),324,7.482683611932144
附件2(15°),325,7.387380285300012
附件2(15°),326,7.481626982577823
附件2(15°),327,7.345250119175056
附件2(15°),328,7.5003152374907085
附件2(15°),329,7.503504829457109
附件2(15°),330,7.502448200102789
附件2(15°),331,7.385247322687932
附件2(15°),332,7.482683611932144
附件2(15°),333,7.406068540212898
附件2(15°),334,7.479494019965743
附件2(15°),335,7.385247322687932
附件2(15°),336,7.482683611932144
附件2(15°),337,7.503504829457109
附件2(15°),338,7.521136455015674
附件2(15°),339,7.503504829457109
附件2(15°),340,7.484816574544224
附件2(15°),341,7.545291007108578
附件2(15°),342,7.521136455015674
附件2(15°),343,7.545291007108578
附件2(15°),344,7.482683611932144
附件2(15°),345,7.521136455015674
附件2(15°),346,7.521136455015674
附件2(15°),347,7.484816574544224
附件2(15°),348,7.479494019965743
附件2(15°),349,7.545291007108578
附件2(15°),350,7.385247322687932
附件2(15°),351,7.484816574544224
附件2(15°),352,7.503504829457109
附件2(15°),353,7.483759945189903
附件2(15°),354,7.569445559201482
附件2(15°),355,7.521136455015674
附件2(15°),356,7.503504829457109
附件2(15°),357,7.594637367805347
附件2(15°),358,7.502448200102789
附件2(15°),359,7.503504829457109
附件2(15°),360,7.503504829457109
附件2(15°),361,7.594637367805347
附件2(15°),362,7.483759945189903
附件2(15°),363,7.291000625410121
附件2(15°),364,7.545291007108578
附件2(15°),365,7.570482815712443
附件2(15°),366,7.545291007108578
附件2(15°),367,7.481626982577823
附件2(15°),368,7.503504829457109
附件2(15°),369,7.527659381550013
附件2(15°),370,7.481626982577823
附件2(15°),371,7.545291007108578
附件2(15°),372,7.595143312732923
附件2(15°),373,7.484816574544224
附件2(15°),374,7.484816574544224
附件2(15°),375,7.483759945189903
附件2(15°),376,7.502448200102789
附件2(15°),377,7.481626982577823
附件2(15°),378,7.479494019965743
附件2(15°),379,7.482683611932144
附件2(15°),380,7.569445559201482
附件2(15°),381,7.385247322687932
附件2(15°),382,7.484816574544224
附件2(15°),383,7.521136455015674
附件2(15°),384,7.569445559201482
附件2(15°),385,7.503504829457109
附件2(15°),386,7.545291007108578
附件2(15°),387,7.479494019965743
附件2(15°),388,7.482683611932144
附件2(15°),389,7.482683611932144
附件2(15°),390,7.481626982577823
附件2(15°),391,7.482683611932144
附件2(15°),392,7.503504829457109
附件2(15°),393,7.545291007108578
附件2(15°),394,7.503504829457109
附件2(15°),395,7.484816574544224
附件2(15°),396,7.545291007108578
附件2(15°),397,7.484816574544224
附件2(15°),398,7.485873203898544
附件2(15°),399,7.484816574544224
附件2(15°),400,7.545291007108578
附件3(10°),1,3.42824336066677
附件3(10°),2,3.4189563491508386
附件3(10°),3,3.5570638002363544
附件3(10°),4,3.528343351827291
附件3(10°),5,3.4781268942802646
附件3(10°),6,3.5570638002363544
附件3(10°),7,3.528343351827291
附件3(10°),8,3.4781268942802646
附件3(10°),9,3.42824336066677
附件3(10°),10,3.42824336066677
附件3(10°),11,3.4781268942802646
附件3(10°),12,3.5570638002363544
附件3(10°),13,3.528343351827291
附件3(10°),14,3.528343351827291
附件3(10°),15,3.4781268942802646
附件3(10°),16,3.5570638002363544
附件3(10°),17,3.528343351827291
附件3(10°),18,3.4189563491508386
附件3(10°),19,3.42824336066677
附件3(10°),20,3.4189563491508386
附件3(10°),21,3.4781268942802646
附件3(10°),22,3.528343351827291
附件3(10°),23,3.4189563491508386
附件3(10°),24,3.4781268942802646
附件3(10°),25,3.4781268942802646
附件3(10°),26,3.4189563491508386
附件3(10°),27,3.4781268942802646
附件3(10°),28,3.42824336066677
附件3(10°),29,3.5570638002363544
附件3(10°),30,3.42824336066677
附件3(10°),31,3.42824336066677
附件3(10°),32,3.42824336066677
附件3(10°),33,3.4781268942802646
附件3(10°),34,3.4781268942802646
附件3(10°),35,3.5570638002363544
附件3(10°),36,3.5570638002363544
附件3(10°),37,3.4189563491508386
附件3(10°),38,3.4189563491508386
附件3(10°),39,3.5570638002363544
附件3(10°),40,3.528343351827291
附件3(10°),41,3.528343351827291
附件3(10°),42,3.5570638002363544
附件3(10°),43,3.528343351827291
附件3(10°),44,3.5570638002363544
附件3(10°),45,3.4189563491508386
附件3(10°),46,3.4189563491508386
附件3(10°),47,3.528343351827291
附件3(10°),48,3.4189563491508386
附件3(10°),49,3.4189563491508386
附件3(10°),50,3.528343351827291
附件3(10°),51,3.5570638002363544
附件3(10°),52,3.528343351827291
附件3(10°),53,3.5570638002363544
附件3(10°),54,3.5570638002363544
附件3(10°),55,3.7866166736657414
附件3(10°),56,3.528343351827291
附件3(10°),57,3.5570638002363544
附件3(10°),58,3.4189563491508386
附件3(10°),59,3.4781268942802646
附件3(10°),60,3.42824336066677
附件3(10°),61,3.4781268942802646
附件3(10°),62,3.528343351827291
附件3(10°),63,3.4781268942802646
附件3(10°),64,3.4781268942802646
附件3(10°),65,3.5570638002363544
附件3(10°),66,3.528343351827291
附件3(10°),67,3.528343351827291
附件3(10°),68,3.528343351827291
附件3(10°),69,3.5570638002363544
附件3(10°),70,3.327376784529558
附件3(10°),71,3.528343351827291
附件3(10°),72,3.5570638002363544
附件3(10°),73,3.5570638002363544
附件3(10°),74,3.42824336066677
附件3(10°),75,3.4781268942802646
附件3(10°),76,3.528343351827291
附件3(10°),77,3.528343351827291
附件3(10°),78,3.4781268942802646
附件3(10°),79,3.4189563491508386
附件3(10°),80,3.528343351827291
附件3(10°),81,3.5570638002363544
附件3(10°),82,3.528343351827291
附件3(10°),83,3.5570638002363544
附件3(10°),84,3.4189563491508386
附件3(10°),85,3.4189563491508386
附件3(10°),86,3.5570638002363544
附件3(10°),87,3.4189563491508386
附件3(10°),88,3.4781268942802646
附件3(10°),89,3.4189563491508386
附件3(10°),90,3.42824336066677
附件3(10°),91,3.4189563491508386
附件3(10°),92,3.4781268942802646
附件3(10°),93,3.4781268942802646
附件3(10°),94,3.528343351827291
附件3(10°),95,3.42824336066677
附件3(10°),96,3.42824336066677
附件3(10°),97,3.4781268942802646
附件3(10°),98,3.528343351827291
附件3(10°),99,3.42824336066677
附件3(10°),100,3.528343351827291
附件3(10°),101,3.42824336066677
附件3(10°),102,3.42824336066677
附件3(10°),103,3.4781268942802646
附件3(10°),104,3.528343351827291
附件3(10°),105,3.528343351827291
附件3(10°),106,3.42824336066677
附件3(10°),107,3.528343351827291
附件3(10°),108,3.528343351827291
附件3(10°),109,3.4189563491508386
附件3(10°),110,3.4781268942802646
附件3(10°),111,3.4781268942802646
附件3(10°),112,3.4781268942802646
附件3(10°),113,3.4781268942802646
附件3(10°),114,3.4189563491508386
附件3(10°),115,3.5570638002363544
附件3(10°),116,3.528343351827291
附件3(10°),117,3.4781268942802646
附件3(10°),118,3.4781268942802646
附件3(10°),119,3.4189563491508386
附件3(10°),120,3.4189563491508386
附件3(10°),121,3.4189563491508386
附件3(10°),122,3.4189563491508386
附件3(10°),123,3.5570638002363544
附件3(10°),124,3.4781268942802646
附件3(10°),125,3.4781268942802646
附件3(10°),126,3.4781268942802646
附件3(10°),127,3.528343351827291
附件3(10°),128,3.4781268942802646
附件3(10°),129,3.5570638002363544
附件3(10°),130,3.42824336066677
附件3(10°),131,3.5570638002363544
附件3(10°),132,3.5570638002363544
附件3(10°),133,3.4781268942802646
附件3(10°),134,3.4189563491508386
附件3(10°),135,3.4781268942802646
附件3(10°),136,3.4189563491508386
附件3(10°),137,3.4189563491508386
附件3(10°),138,3.42824336066677
附件3(10°),139,3.4189563491508386
附件3(10°),140,3.528343351827291
附件3(10°),141,3.4781268942802646
附件3(10°),142,3.528343351827291
附件3(10°),143,3.42824336066677
附件3(10°),144,3.528343351827291
附件3(10°),145,3.528343351827291
附件3(10°),146,3.4189563491508386
附件3(10°),147,3.4189563491508386
附件3(10°),148,3.5570638002363544
附件3(10°),149,3.4189563491508386
附件3(10°),150,3.5570638002363544
附件3(10°),151,3.5570638002363544
附件3(10°),152,3.4781268942802646
附件3(10°),153,3.5570638002363544
附件3(10°),154,3.528343351827291
附件3(10°),155,3.5570638002363544
附件3(10°),156,3.5570638002363544
附件3(10°),157,3.4189563491508386
附件3(10°),158,3.4781268942802646
附件3(10°),159,3.4781268942802646
附件3(10°),160,3.42824336066677
附件3(10°),161,3.42824336066677
附件3(10°),162,3.4781268942802646
附件3(10°),163,3.42824336066677
附件3(10°),164,3.4189563491508386
附件3(10°),165,3.528343351827291
附件3(10°),166,3.4189563491508386
附件3(10°),167,3.528343351827291
附件3(10°),168,3.4189563491508386
附件3(10°),169,3.528343351827291
附件3(10°),170,3.528343351827291
附件3(10°),171,3.4189563491508386
附件3(10°),172,3.42824336066677
附件3(10°),173,3.5570638002363544
附件3(10°),174,3.4781268942802646
附件3(10°),175,3.528343351827291
附件3(10°),176,3.528343351827291
附件3(10°),177,3.4189563491508386
附件3(10°),178,3.4189563491508386
附件3(10°),179,3.4781268942802646
附件3(10°),180,3.571891055816109
附件3(10°),181,3.4781268942802646
附件3(10°),182,3.4189563491508386
附件3(10°),183,3.528343351827291
附件3(10°),184,3.5570638002363544
附件3(10°),185,3.528343351827291
附件3(10°),186,3.5570638002363544
附件3(10°),187,3.4189563491508386
附件3(10°),188,3.4189563491508386
附件3(10°),189,3.528343351827291
附件3(10°),190,3.5570638002363544
附件3(10°),191,3.327376784529558
附件3(10°),192,3.528343351827291
附件3(10°),193,3.4781268942802646
附件3(10°),194,3.5570638002363544
附件3(10°),195,3.4781268942802646
附件3(10°),196,3.42824336066677
附件3(10°),197,3.4189563491508386
附件3(10°),198,3.4781268942802646
附件3(10°),199,3.4781268942802646
附件3(10°),200,3.7866166736657414
附件3(10°),201,3.4781268942802646
附件3(10°),202,3.528343351827291
附件3(10°),203,3.5570638002363544
附件3(10°),204,3.4781268942802646
附件3(10°),205,3.5570638002363544
附件3(10°),206,3.4781268942802646
附件3(10°),207,3.5570638002363544
附件3(10°),208,3.4189563491508386
附件3(10°),209,3.42824336066677
附件3(10°),210,3.528343351827291
附件3(10°),211,3.4781268942802646
附件3(10°),212,3.4781268942802646
附件3(10°),213,3.4781268942802646
附件3(10°),214,3.42824336066677
附件3(10°),215,3.4781268942802646
附件3(10°),216,3.528343351827291
附件3(10°),217,3.4781268942802646
附件3(10°),218,3.42824336066677
附件3(10°),219,3.4781268942802646
附件3(10°),220,3.4781268942802646
附件3(10°),221,3.42824336066677
附件3(10°),222,3.4189563491508386
附件3(10°),223,3.4781268942802646
附件3(10°),224,3.42824336066677
附件3(10°),225,3.4781268942802646
附件3(10°),226,3.4781268942802646
附件3(10°),227,3.4781268942802646
附件3(10°),228,3.42824336066677
附件3(10°),229,3.528343351827291
附件3(10°),230,3.4781268942802646
附件3(10°),231,3.42824336066677
附件3(10°),232,3.528343351827291
附件3(10°),233,3.5570638002363544
附件3(10°),234,3.4781268942802646
附件3(10°),235,3.4781268942802646
附件3(10°),236,3.4189563491508386
附件3(10°),237,3.528343351827291
附件3(10°),238,3.4189563491508386
附件3(10°),239,3.327376784529558
附件3(10°),240,3.5570638002363544
附件3(10°),241,3.5570638002363544
附件3(10°),242,3.4189563491508386
附件3(10°),243,3.5570638002363544
附件3(10°),244,3.4781268942802646
附件3(10°),245,3.5570638002363544
附件3(10°),246,3.42824336066677
附件3(10°),247,3.5570638002363544
附件3(10°),248,3.4189563491508386
附件3(10°),249,3.528343351827291
附件3(10°),250,3.528343351827291
附件3(10°),251,3.4189563491508386
附件3(10°),252,3.4189563491508386
附件3(10°),253,3.4781268942802646
附件3(10°),254,3.4781268942802646
附件3(10°),255,3.528343351827291
附件3(10°),256,3.528343351827291
附件3(10°),257,3.528343351827291
附件3(10°),258,3.528343351827291
附件3(10°),259,3.5570638002363544
附件3(10°),260,3.42824336066677
附件3(10°),261,3.4189563491508386
附件3(10°),262,3.528343351827291
附件3(10°),263,3.4781268942802646
附件3(10°),264,3.5570638002363544
附件3(10°),265,3.5570638002363544
附件3(10°),266,3.4781268942802646
附件3(10°),267,3.528343351827291
附件3(10°),268,3.528343351827291
附件3(10°),269,3.4781268942802646
附件3(10°),270,3.4781268942802646
附件3(10°),271,3.4189563491508386
附件3(10°),272,3.528343351827291
附件3(10°),273,3.4189563491508386
附件3(10°),274,3.528343351827291
附件3(10°),275,3.4189563491508386
附件3(10°),276,3.42824336066677
附件3(10°),277,3.327376784529558
附件3(10°),278,3.4189563491508386
附件3(10°),279,3.528343351827291
附件3(10°),280,3.4189563491508386
附件3(10°),281,3.4781268942802646
附件3(10°),282,3.5570638002363544
附件3(10°),283,3.5570638002363544
附件3(10°),284,3.42824336066677
附件3(10°),285,3.42824336066677
附件3(10°),286,3.4781268942802646
附件3(10°),287,3.528343351827291
附件3(10°),288,3.4189563491508386
附件3(10°),289,3.4781268942802646
附件3(10°),290,3.4781268942802646
附件3(10°),291,3.42824336066677
附件3(10°),292,3.4781268942802646
附件3(10°),293,3.42824336066677
附件3(10°),294,3.42824336066677
附件3(10°),295,3.4781268942802646
附件3(10°),296,3.42824336066677
附件3(10°),297,3.5570638002363544
附件3(10°),298,3.4189563491508386
附件3(10°),299,3.5570638002363544
附件3(10°),300,3.317926010490178
附件3(10°),301,3.4781268942802646
附件3(10°),302,3.4189563491508386
附件3(10°),303,3.528343351827291
附件3(10°),304,3.42824336066677
附件3(10°),305,3.528343351827291
附件3(10°),306,3.4189563491508386
附件3(10°),307,3.4781268942802646
附件3(10°),308,3.528343351827291
附件3(10°),309,3.4781268942802646
附件3(10°),310,3.4189563491508386
附件3(10°),311,3.528343351827291
附件3(10°),312,3.528343351827291
附件3(10°),313,3.42824336066677
附件3(10°),314,3.4781268942802646
附件3(10°),315,3.4189563491508386
附件3(10°),316,3.5570638002363544
附件3(10°),317,3.42824336066677
附件3(10°),318,3.4781268942802646
附件3(10°),319,3.528343351827291
附件3(10°),320,3.528343351827291
附件3(10°),321,3.528343351827291
附件3(10°),322,3.4781268942802646
附件3(10°),323,3.4189563491508386
附件3(10°),324,3.4781268942802646
附件3(10°),325,3.5570638002363544
附件3(10°),326,3.5570638002363544
附件3(10°),327,3.528343351827291
附件3(10°),328,3.4189563491508386
附件3(10°),329,3.528343351827291
附件3(10°),330,3.5570638002363544
附件3(10°),331,3.5570638002363544
附件3(10°),332,3.4781268942802646
附件3(10°),333,3.4189563491508386
附件3(10°),334,3.528343351827291
附件3(10°),335,3.4781268942802646
附件3(10°),336,3.4781268942802646
附件3(10°),337,3.42824336066677
附件3(10°),338,3.4189563491508386
附件3(10°),339,3.528343351827291
附件3(10°),340,3.5570638002363544
附件3(10°),341,3.4189563491508386
附件3(10°),342,3.5570638002363544
附件3(10°),343,3.4781268942802646
附件3(10°),344,3.528343351827291
附件3(10°),345,3.4781268942802646
附件3(10°),346,3.42824336066677
附件3(10°),347,3.4189563491508386
附件3(10°),348,3.5570638002363544
附件3(10°),349,3.4189563491508386
附件3(10°),350,3.4189563491508386
附件3(10°),351,3.4189563491508386
附件3(10°),352,3.4189563491508386
附件3(10°),353,3.4189563491508386
附件3(10°),354,3.4189563491508386
附件3(10°),355,3.4781268942802646
附件3(10°),356,3.5570638002363544
附件3(10°),357,3.4189563491508386
附件3(10°),358,3.5570638002363544
附件3(10°),359,3.4189563491508386
附件3(10°),360,3.4189563491508386
附件3(10°),361,3.528343351827291
附件3(10°),362,3.528343351827291
附件3(10°),363,3.5570638002363544
附件3(10°),364,3.528343351827291
附件3(10°),365,3.42824336066677
附件3(10°),366,3.4189563491508386
附件3(10°),367,3.4189563491508386
附件3(10°),368,3.528343351827291
附件3(10°),369,3.4781268942802646
附件3(10°),370,3.4781268942802646
附件3(10°),371,3.42824336066677
附件3(10°),372,3.5570638002363544
附件3(10°),373,3.4189563491508386
附件3(10°),374,3.5570638002363544
附件3(10°),375,3.4781268942802646
附件3(10°),376,3.4781268942802646
附件3(10°),377,3.4189563491508386
附件3(10°),378,3.4781268942802646
附件3(10°),379,3.528343351827291
附件3(10°),380,3.4189563491508386
附件3(10°),381,3.42824336066677
附件3(10°),382,3.4189563491508386
附件3(10°),383,3.571891055816109
附件3(10°),384,3.4781268942802646
附件3(10°),385,3.5570638002363544
附件3(10°),386,3.42824336066677
附件3(10°),387,3.571891055816109
附件3(10°),388,3.4189563491508386
附件3(10°),389,3.4189563491508386
附件3(10°),390,3.4781268942802646
附件3(10°),391,3.4781268942802646
附件3(10°),392,3.4189563491508386
附件3(10°),393,3.528343351827291
附件3(10°),394,3.5570638002363544
附件3(10°),395,3.528343351827291
附件3(10°),396,3.4781268942802646
附件3(10°),397,3.528343351827291
附件3(10°),398,3.528343351827291
附件3(10°),399,3.4781268942802646
附件3(10°),400,3.4189563491508386
附件4(15°),1,3.5478457549368776
附件4(15°),2,3.532571187232422
附件4(15°),3,3.3892962677043172
附件4(15°),4,3.3892962677043172
附件4(15°),5,3.5149528920187003
附件4(15°),6,3.3536402507111234
附件4(15°),7,3.5478457549368776
附件4(15°),8,3.3536402507111234
附件4(15°),9,3.532571187232422
附件4(15°),10,3.5478457549368776
附件4(15°),11,3.5149528920187003
附件4(15°),12,3.3892962677043172
附件4(15°),13,3.5149528920187003
附件4(15°),14,3.5149528920187003
附件4(15°),15,3.532571187232422
附件4(15°),16,3.5478457549368776
附件4(15°),17,3.532571187232422
附件4(15°),18,3.5149528920187003
附件4(15°),19,3.5478457549368776
附件4(15°),20,3.7948409048354605
附件4(15°),21,3.5149528920187003
附件4(15°),22,3.532571187232422
附件4(15°),23,3.594435590667192
附件4(15°),24,3.5149528920187003
附件4(15°),25,3.3892962677043172
附件4(15°),26,3.8377431243494353
附件4(15°),27,3.5149528920187003
附件4(15°),28,3.532571187232422
附件4(15°),29,3.5149528920187003
附件4(15°),30,3.3536402507111234
附件4(15°),31,3.594435590667192
附件4(15°),32,3.5149528920187003
附件4(15°),33,3.5149528920187003
附件4(15°),34,3.532571187232422
附件4(15°),35,3.3536402507111234
附件4(15°),36,3.532571187232422
附件4(15°),37,3.5149528920187003
附件4(15°),38,3.532571187232422
附件4(15°),39,3.5478457549368776
附件4(15°),40,3.5478457549368776
附件4(15°),41,3.3536402507111234
附件4(15°),42,3.3892962677043172
附件4(15°),43,3.3892962677043172
附件4(15°),44,3.3892962677043172
附件4(15°),45,3.532571187232422
附件4(15°),46,3.5149528920187003
附件4(15°),47,3.3892962677043172
附件4(15°),48,3.594435590667192
附件4(15°),49,3.594435590667192
附件4(15°),50,3.532571187232422
附件4(15°),51,3.5149528920187003
附件4(15°),52,3.5149528920187003
附件4(15°),53,3.3536402507111234
附件4(15°),54,3.5478457549368776
附件4(15°),55,3.532571187232422
附件4(15°),56,3.5149528920187003
附件4(15°),57,3.5149528920187003
附件4(15°),58,3.532571187232422
附件4(15°),59,3.3536402507111234
附件4(15°),60,3.3536402507111234
附件4(15°),61,3.5149528920187003
附件4(15°),62,3.5149528920187003
附件4(15°),63,3.5149528920187003
附件4(15°),64,3.594435590667192
附件4(15°),65,3.3536402507111234
附件4(15°),66,3.532571187232422
附件4(15°),67,3.532571187232422
附件4(15°),68,3.532571187232422
附件4(15°),69,3.5149528920187003
附件4(15°),70,3.5149528920187003
附件4(15°),71,3.5149528920187003
附件4(15°),72,3.532571187232422
附件4(15°),73,3.3892962677043172
附件4(15°),74,3.5478457549368776
附件4(15°),75,3.532571187232422
附件4(15°),76,3.3536402507111234
附件4(15°),77,3.532571187232422
附件4(15°),78,3.5478457549368776
附件4(15°),79,3.532571187232422
附件4(15°),80,3.532571187232422
附件4(15°),81,3.532571187232422
附件4(15°),82,3.3892962677043172
附件4(15°),83,3.5149528920187003
附件4(15°),84,3.3536402507111234
附件4(15°),85,3.3536402507111234
附件4(15°),86,3.594435590667192
附件4(15°),87,3.3892962677043172
附件4(15°),88,3.532571187232422
附件4(15°),89,3.3536402507111234
附件4(15°),90,3.594435590667192
附件4(15°),91,3.3892962677043172
附件4(15°),92,3.5149528920187003
附件4(15°),93,3.3892962677043172
附件4(15°),94,3.594435590667192
附件4(15°),95,3.3892962677043172
附件4(15°),96,3.5149528920187003
附件4(15°),97,3.5478457549368776
附件4(15°),98,3.532571187232422
附件4(15°),99,3.594435590667192
附件4(15°),100,3.532571187232422
附件4(15°),101,3.532571187232422
附件4(15°),102,3.5478457549368776
附件4(15°),103,3.5149528920187003
附件4(15°),104,3.3892962677043172
附件4(15°),105,3.532571187232422
附件4(15°),106,3.5149528920187003
附件4(15°),107,3.532571187232422
附件4(15°),108,3.3892962677043172
附件4(15°),109,3.3536402507111234
附件4(15°),110,3.5478457549368776
附件4(15°),111,3.3892962677043172
附件4(15°),112,3.3892962677043172
附件4(15°),113,3.3536402507111234
附件4(15°),114,3.5478457549368776
附件4(15°),115,3.3536402507111234
附件4(15°),116,3.5149528920187003
附件4(15°),117,3.3536402507111234
附件4(15°),118,3.594435590667192
附件4(15°),119,3.5149528920187003
附件4(15°),120,3.3536402507111234
附件4(15°),121,3.594435590667192
附件4(15°),122,3.5149528920187003
附件4(15°),123,3.532571187232422
附件4(15°),124,3.594435590667192
附件4(15°),125,3.3536402507111234
附件4(15°),126,3.5149528920187003
附件4(15°),127,3.532571187232422
附件4(15°),128,3.532571187232422
附件4(15°),129,3.5478457549368776
附件4(15°),130,3.532571187232422
附件4(15°),131,3.3892962677043172
附件4(15°),132,3.532571187232422
附件4(15°),133,3.5149528920187003
附件4(15°),134,3.5149528920187003
附件4(15°),135,3.5149528920187003
附件4(15°),136,3.594435590667192
附件4(15°),137,3.5478457549368776
附件4(15°),138,3.3536402507111234
附件4(15°),139,3.5149528920187003
附件4(15°),140,3.3892962677043172
附件4(15°),141,3.5478457549368776
附件4(15°),142,3.8377431243494353
附件4(15°),143,3.5149528920187003
附件4(15°),144,3.3892962677043172
附件4(15°),145,3.532571187232422
附件4(15°),146,3.532571187232422
附件4(15°),147,3.5149528920187003
附件4(15°),148,3.5478457549368776
附件4(15°),149,3.532571187232422
附件4(15°),150,3.5149528920187003
附件4(15°),151,3.7948409048354605
附件4(15°),152,3.3892962677043172
附件4(15°),153,3.532571187232422
附件4(15°),154,3.532571187232422
附件4(15°),155,3.3892962677043172
附件4(15°),156,3.532571187232422
附件4(15°),157,3.532571187232422
附件4(15°),158,3.3536402507111234
附件4(15°),159,3.532571187232422
附件4(15°),160,3.3536402507111234
附件4(15°),161,3.532571187232422
附件4(15°),162,3.532571187232422
附件4(15°),163,3.594435590667192
附件4(15°),164,3.5149528920187003
附件4(15°),165,3.5149528920187003
附件4(15°),166,3.5478457549368776
附件4(15°),167,3.5149528920187003
附件4(15°),168,3.532571187232422
附件4(15°),169,3.594435590667192
附件4(15°),170,3.532571187232422
附件4(15°),171,3.5149528920187003
附件4(15°),172,3.5478457549368776
附件4(15°),173,3.3892962677043172
附件4(15°),174,3.5149528920187003
附件4(15°),175,3.594435590667192
附件4(15°),176,3.532571187232422
附件4(15°),177,3.5149528920187003
附件4(15°),178,3.3536402507111234
附件4(15°),179,3.7948409048354605
附件4(15°),180,3.594435590667192
附件4(15°),181,3.532571187232422
附件4(15°),182,3.5149528920187003
附件4(15°),183,3.594435590667192
附件4(15°),184,3.532571187232422
附件4(15°),185,3.532571187232422
附件4(15°),186,3.532571187232422
附件4(15°),187,3.532571187232422
附件4(15°),188,3.5149528920187003
附件4(15°),189,3.594435590667192
附件4(15°),190,3.532571187232422
附件4(15°),191,3.5149528920187003
附件4(15°),192,3.594435590667192
附件4(15°),193,3.532571187232422
附件4(15°),194,3.5149528920187003
附件4(15°),195,3.532571187232422
附件4(15°),196,3.594435590667192
附件4(15°),197,3.532571187232422
附件4(15°),198,3.3892962677043172
附件4(15°),199,3.5149528920187003
附件4(15°),200,3.3892962677043172
附件4(15°),201,3.532571187232422
附件4(15°),202,3.3536402507111234
附件4(15°),203,3.3536402507111234
附件4(15°),204,3.5149528920187003
附件4(15°),205,3.5149528920187003
附件4(15°),206,3.3892962677043172
附件4(15°),207,3.532571187232422
附件4(15°),208,3.5149528920187003
附件4(15°),209,3.5478457549368776
附件4(15°),210,3.532571187232422
附件4(15°),211,3.532571187232422
附件4(15°),212,3.532571187232422
附件4(15°),213,3.532571187232422
附件4(15°),214,3.5149528920187003
附件4(15°),215,3.3892962677043172
附件4(15°),216,3.594435590667192
附件4(15°),217,3.5478457549368776
附件4(15°),218,3.3536402507111234
附件4(15°),219,3.3536402507111234
附件4(15°),220,3.532571187232422
附件4(15°),221,3.5149528920187003
附件4(15°),222,3.8377431243494353
附件4(15°),223,3.594435590667192
附件4(15°),224,3.594435590667192
附件4(15°),225,3.3536402507111234
附件4(15°),226,3.3536402507111234
附件4(15°),227,3.532571187232422
附件4(15°),228,3.532571187232422
附件4(15°),229,3.594435590667192
附件4(15°),230,3.5149528920187003
附件4(15°),231,3.3536402507111234
附件4(15°),232,3.3892962677043172
附件4(15°),233,3.3536402507111234
附件4(15°),234,3.5149528920187003
附件4(15°),235,3.3536402507111234
附件4(15°),236,3.5478457549368776
附件4(15°),237,3.532571187232422
附件4(15°),238,3.532571187232422
附件4(15°),239,3.3536402507111234
附件4(15°),240,3.532571187232422
附件4(15°),241,3.594435590667192
附件4(15°),242,3.5149528920187003
附件4(15°),243,3.5478457549368776
附件4(15°),244,3.5149528920187003
附件4(15°),245,3.5149528920187003
附件4(15°),246,3.5149528920187003
附件4(15°),247,3.3536402507111234
附件4(15°),248,3.3892962677043172
附件4(15°),249,3.5149528920187003
附件4(15°),250,3.5149528920187003
附件4(15°),251,3.5149528920187003
附件4(15°),252,3.532571187232422
附件4(15°),253,3.5149528920187003
附件4(15°),254,3.5478457549368776
附件4(15°),255,3.532571187232422
附件4(15°),256,3.3536402507111234
附件4(15°),257,3.532571187232422
附件4(15°),258,3.3892962677043172
附件4(15°),259,3.3536402507111234
附件4(15°),260,3.532571187232422
附件4(15°),261,3.594435590667192
附件4(15°),262,3.532571187232422
附件4(15°),263,3.5149528920187003
附件4(15°),264,3.3892962677043172
附件4(15°),265,3.5478457549368776
附件4(15°),266,3.3892962677043172
附件4(15°),267,3.532571187232422
附件4(15°),268,3.532571187232422
附件4(15°),269,3.532571187232422
附件4(15°),270,3.5149528920187003
附件4(15°),271,3.5478457549368776
附件4(15°),272,3.5149528920187003
附件4(15°),273,3.5149528920187003
附件4(15°),274,3.594435590667192
附件4(15°),275,3.8377431243494353
附件4(15°),276,3.594435590667192
附件4(15°),277,3.532571187232422
附件4(15°),278,3.8377431243494353
附件4(15°),279,3.532571187232422
附件4(15°),280,3.532571187232422
附件4(15°),281,3.5149528920187003
附件4(15°),282,3.532571187232422
附件4(15°),283,3.5149528920187003
附件4(15°),284,3.3536402507111234
附件4(15°),285,3.5149528920187003
附件4(15°),286,3.594435590667192
附件4(15°),287,3.3536402507111234
附件4(15°),288,3.532571187232422
附件4(15°),289,3.594435590667192
附件4(15°),290,3.594435590667192
附件4(15°),291,3.532571187232422
附件4(15°),292,3.594435590667192
附件4(15°),293,3.5149528920187003
附件4(15°),294,3.594435590667192
附件4(15°),295,3.5149528920187003
附件4(15°),296,3.532571187232422
附件4(15°),297,3.532571187232422
附件4(15°),298,3.5478457549368776
附件4(15°),299,3.5149528920187003
附件4(15°),300,3.3536402507111234
附件4(15°),301,3.532571187232422
附件4(15°),302,3.532571187232422
附件4(15°),303,3.594435590667192
附件4(15°),304,3.532571187232422
附件4(15°),305,3.5149528920187003
附件4(15°),306,3.3892962677043172
附件4(15°),307,3.5149528920187003
附件4(15°),308,3.532571187232422
附件4(15°),309,3.594435590667192
附件4(15°),310,3.532571187232422
附件4(15°),311,3.532571187232422
附件4(15°),312,3.3536402507111234
附件4(15°),313,3.532571187232422
附件4(15°),314,3.3536402507111234
附件4(15°),315,3.532571187232422
附件4(15°),316,3.5478457549368776
附件4(15°),317,3.532571187232422
附件4(15°),318,3.532571187232422
附件4(15°),319,3.532571187232422
附件4(15°),320,3.3536402507111234
附件4(15°),321,3.532571187232422
附件4(15°),322,3.5149528920187003
附件4(15°),323,3.594435590667192
附件4(15°),324,3.532571187232422
附件4(15°),325,3.3536402507111234
附件4(15°),326,3.5478457549368776
附件4(15°),327,3.594435590667192
附件4(15°),328,3.3536402507111234
附件4(15°),329,3.532571187232422
附件4(15°),330,3.3892962677043172
附件4(15°),331,3.594435590667192
附件4(15°),332,3.594435590667192
附件4(15°),333,3.532571187232422
附件4(15°),334,3.5478457549368776
附件4(15°),335,3.5149528920187003
附件4(15°),336,3.3892962677043172
附件4(15°),337,3.3536402507111234
附件4(15°),338,3.5149528920187003
附件4(15°),339,3.532571187232422
附件4(15°),340,3.532571187232422
附件4(15°),341,3.3536402507111234
附件4(15°),342,3.532571187232422
附件4(15°),343,3.532571187232422
附件4(15°),344,3.7948409048354605
附件4(15°),345,3.5478457549368776
附件4(15°),346,3.8377431243494353
附件4(15°),347,3.532571187232422
附件4(15°),348,3.532571187232422
附件4(15°),349,3.3892962677043172
附件4(15°),350,3.8377431243494353
附件4(15°),351,3.5149528920187003
附件4(15°),352,3.532571187232422
附件4(15°),353,3.532571187232422
附件4(15°),354,3.5478457549368776
附件4(15°),355,3.3892962677043172
附件4(15°),356,3.5149528920187003
附件4(15°),357,3.532571187232422
附件4(15°),358,3.3536402507111234
附件4(15°),359,3.532571187232422
附件4(15°),360,3.3892962677043172
附件4(15°),361,3.594435590667192
附件4(15°),362,3.5149528920187003
附件4(15°),363,3.5149528920187003
附件4(15°),364,3.3536402507111234
附件4(15°),365,3.7948409048354605
附件4(15°),366,3.3536402507111234
附件4(15°),367,3.3892962677043172
附件4(15°),368,3.3892962677043172
附件4(15°),369,3.5149528920187003
附件4(15°),370,3.5478457549368776
附件4(15°),371,3.532571187232422
附件4(15°),372,3.8377431243494353
附件4(15°),373,3.5149528920187003
附件4(15°),374,3.3536402507111234
附件4(15°),375,3.594435590667192
附件4(15°),376,3.594435590667192
附件4(15°),377,3.594435590667192
附件4(15°),378,3.3892962677043172
附件4(15°),379,3.5149528920187003
附件4(15°),380,3.5478457549368776
附件4(15°),381,3.5478457549368776
附件4(15°),382,3.5149528920187003
附件4(15°),383,3.594435590667192
附件4(15°),384,3.5149528920187003
附件4(15°),385,3.5149528920187003
附件4(15°),386,3.3892962677043172
附件4(15°),387,3.5149528920187003
附件4(15°),388,3.532571187232422
附件4(15°),389,3.532571187232422
附件4(15°),390,3.3892962677043172
附件4(15°),391,3.594435590667192
附件4(15°),392,3.532571187232422
附件4(15°),393,3.3892962677043172
附件4(15°),394,3.5149528920187003
附件4(15°),395,3.3892962677043172
附件4(15°),396,3.532571187232422
附件4(15°),397,3.5478457549368776
附件4(15°),398,3.594435590667192
附件4(15°),399,3.8377431243494353
附件4(15°),400,3.3536402507111234
