repeat,fold,方案,测试人数,最低审计概率,安全通过,审计切点
0,0,15/18,67,0.889873583099652,False,30.260929|31.736002|33.746960
0,0,16/18,67,0.8944485834091669,True,30.260929|31.736002|33.746960
0,0,18/22,67,0.9465162263551803,True,30.260929|31.736002|33.746960
0,1,15/18,66,0.9074220897752863,True,30.129913|31.941009|33.799734
0,1,16/18,66,0.9111209000461177,True,30.129913|31.941009|33.799734
0,1,18/22,66,0.9536355521293257,True,30.129913|31.941009|33.799734
0,2,15/18,67,0.8952017105662875,True,30.041772|31.351281|33.824899
0,2,16/18,67,0.9028763046850343,True,30.041772|31.351281|33.824899
0,2,18/22,67,0.9440265343463325,True,30.041772|31.351281|33.824899
0,3,15/18,67,0.901455636211754,True,30.117121|31.729721|33.746960
0,3,16/18,67,0.9116442617561596,True,30.117121|31.729721|33.746960
0,3,18/22,67,0.9483243663164165,True,30.117121|31.729721|33.746960
1,0,15/18,67,0.900068212069402,True,30.260929|31.633451|33.727725
1,0,16/18,67,0.9140374733042836,True,30.260929|31.633451|33.727725
1,0,18/22,67,0.9480240899644855,True,30.260929|31.633451|33.727725
1,1,15/18,66,0.8961949332601935,True,30.119402|31.748841|33.777778
1,1,16/18,66,0.899147863779677,True,30.119402|31.748841|33.777778
1,1,18/22,66,0.9476261614552364,True,30.119402|31.748841|33.777778
1,2,15/18,67,0.9010645187563937,True,30.001219|31.675613|33.824899
1,2,16/18,67,0.9158730906072221,True,30.001219|31.675613|33.824899
1,2,18/22,67,0.948900997427976,True,30.001219|31.675613|33.824899
1,3,15/18,67,0.8831480861898516,False,30.301570|31.736002|33.769893
1,3,16/18,67,0.8891204459659094,False,30.301570|31.736002|33.769893
1,3,18/22,67,0.9423418568989611,True,30.301570|31.736002|33.769893
2,0,15/18,67,0.9003766548269349,True,30.117121|31.807165|33.746960
2,0,16/18,67,0.9039699922263278,True,30.117121|31.807165|33.746960
2,0,18/22,67,0.9509508978192361,True,30.117121|31.807165|33.746960
2,1,15/18,67,0.9018257424263633,True,30.153098|31.743951|33.783267
2,1,16/18,67,0.9060869578461753,True,30.153098|31.743951|33.783267
2,1,18/22,67,0.9517250212295414,True,30.153098|31.743951|33.783267
2,2,15/18,67,0.9051871021602758,True,30.100919|31.633451|33.783267
2,2,16/18,67,0.9097923878926393,True,30.100919|31.633451|33.783267
2,2,18/22,67,0.9508872462325646,True,30.100919|31.633451|33.783267
2,3,15/18,66,0.8931482976097398,True,30.160826|31.625352|33.767265
2,3,16/18,66,0.8988642565817697,True,30.160826|31.625352|33.767265
2,3,18/22,66,0.9469679025664225,True,30.160826|31.625352|33.767265
3,0,15/18,66,0.8989163800096037,True,30.301904|31.739062|33.777778
3,0,16/18,66,0.9040023931671224,True,30.301904|31.739062|33.777778
3,0,18/22,66,0.9508030749333272,True,30.301904|31.739062|33.777778
3,1,15/18,67,0.9051391700061107,True,30.127285|31.405972|33.671277
3,1,16/18,67,0.9106917731587234,True,30.127285|31.405972|33.671277
3,1,18/22,67,0.9502869191143675,True,30.127285|31.405972|33.671277
3,2,15/18,67,0.8996690851657713,True,30.041772|31.625814|33.680106
3,2,16/18,67,0.9058606682316785,True,30.041772|31.625814|33.680106
3,2,18/22,67,0.9498014612697316,True,30.041772|31.625814|33.680106
3,3,15/18,67,0.8949840527688949,True,30.153098|31.807532|33.994467
3,3,16/18,67,0.8949840527688949,True,30.153098|31.807532|33.994467
3,3,18/22,67,0.9473438974579107,True,30.153098|31.807532|33.994467
4,0,15/18,67,0.9019357804441338,True,30.296942|31.751181|33.921390
4,0,16/18,67,0.9113594247814556,True,30.296942|31.751181|33.921390
4,0,18/22,67,0.9489112018210425,True,30.296942|31.751181|33.921390
4,1,15/18,67,0.8915981193936077,True,30.011906|31.622592|33.538981
4,1,16/18,67,0.900189595566063,True,30.011906|31.622592|33.538981
4,1,18/22,67,0.9441118054189104,True,30.011906|31.622592|33.538981
4,2,15/18,67,0.9044402589710011,True,30.063956|31.625814|33.727725
4,2,16/18,67,0.9198413463319606,True,30.063956|31.625814|33.727725
4,2,18/22,67,0.9497155934293678,True,30.063956|31.625814|33.727725
4,3,15/18,66,0.8862043630369651,False,30.343695|31.748841|33.900394
4,3,16/18,66,0.8886404363477626,False,30.343695|31.748841|33.900394
4,3,18/22,66,0.9445562468421729,True,30.343695|31.748841|33.900394
5,0,15/18,67,0.8993849978908943,True,30.063956|31.751181|33.769893
5,0,16/18,67,0.9046913532284152,True,30.063956|31.751181|33.769893
5,0,18/22,67,0.9469184775841571,True,30.063956|31.751181|33.769893
5,1,15/18,67,0.8837724867683817,False,30.301570|31.640625|33.727725
5,1,16/18,67,0.8891837234410429,False,30.301570|31.640625|33.727725
5,1,18/22,67,0.9398918391861861,True,30.301570|31.640625|33.727725
5,2,15/18,67,0.9095338198084295,True,30.016377|31.568438|33.769893
5,2,16/18,67,0.9198722875827958,True,30.016377|31.568438|33.769893
5,2,18/22,67,0.9535336832191377,True,30.016377|31.568438|33.769893
5,3,15/18,66,0.8997789156892249,True,30.129913|31.748841|33.900394
5,3,16/18,66,0.9067249367581866,True,30.129913|31.748841|33.900394
5,3,18/22,66,0.9476149415671344,True,30.129913|31.748841|33.900394
6,0,15/18,67,0.8940177806422365,True,30.153098|31.743951|33.824899
6,0,16/18,67,0.9143385808131272,True,30.153098|31.743951|33.824899
6,0,18/22,67,0.9449715429550538,True,30.153098|31.743951|33.824899
6,1,15/18,67,0.8955189211244051,True,30.375102|31.807532|33.921390
6,1,16/18,67,0.8973128785333518,True,30.375102|31.807532|33.921390
6,1,18/22,67,0.9467429834607669,True,30.375102|31.807532|33.921390
6,2,15/18,67,0.8879043463659434,False,29.931512|31.405972|33.645866
6,2,16/18,67,0.8947363721047304,True,29.931512|31.405972|33.645866
6,2,18/22,67,0.9414934181622107,True,29.931512|31.405972|33.645866
6,3,15/18,66,0.8947453398260063,True,30.160826|31.753520|33.740191
6,3,16/18,66,0.9009259178511557,True,30.160826|31.753520|33.740191
6,3,18/22,66,0.9501020985296754,True,30.160826|31.753520|33.740191
7,0,15/18,67,0.8970479602426715,True,30.127285|31.860067|33.734494
7,0,16/18,67,0.9098285457442113,True,30.127285|31.860067|33.734494
7,0,18/22,67,0.9469820492915116,True,30.127285|31.860067|33.734494
7,1,15/18,67,0.9006338988288822,True,30.260929|31.740891|33.808432
7,1,16/18,67,0.9038363443435096,True,30.260929|31.740891|33.808432
7,1,18/22,67,0.9540168784341889,True,30.260929|31.740891|33.808432
7,2,15/18,67,0.8944790013134254,True,30.254747|31.633451|33.727725
7,2,16/18,67,0.899065095181907,True,30.254747|31.633451|33.727725
7,2,18/22,67,0.9492115769635108,True,30.254747|31.633451|33.727725
7,3,15/18,66,0.899073105272791,True,29.935721|31.626276|33.900394
7,3,16/18,66,0.9013169310117565,True,29.935721|31.626276|33.900394
7,3,18/22,66,0.9485846990948595,True,29.935721|31.626276|33.900394
8,0,15/18,67,0.8978826497907623,True,30.179373|31.640625|33.783267
8,0,16/18,67,0.914777612995769,True,30.179373|31.640625|33.783267
8,0,18/22,67,0.9456206192378631,True,30.179373|31.640625|33.783267
8,1,15/18,67,0.8916170192506042,True,30.065446|31.675613|33.684261
8,1,16/18,67,0.8974087031527802,True,30.065446|31.675613|33.684261
8,1,18/22,67,0.9449099533544564,True,30.065446|31.675613|33.684261
8,2,15/18,66,0.9050361396152151,True,30.160826|31.732941|33.799734
8,2,16/18,66,0.9111251280290678,True,30.160826|31.732941|33.799734
8,2,18/22,66,0.9504896767658095,True,30.160826|31.732941|33.799734
8,3,15/18,67,0.897382623004531,True,30.117121|31.736002|33.769893
8,3,16/18,67,0.9013811499655204,True,30.117121|31.736002|33.769893
8,3,18/22,67,0.9494431357294524,True,30.117121|31.736002|33.769893
9,0,15/18,66,0.9008253757996049,True,30.119402|31.739062|33.900394
9,0,16/18,66,0.9018127657566727,True,30.119402|31.739062|33.900394
9,0,18/22,66,0.9518920401518532,True,30.119402|31.739062|33.900394
9,1,15/18,67,0.9073749896385026,True,30.065446|31.622592|33.680106
9,1,16/18,67,0.9130817449289064,True,30.065446|31.622592|33.680106
9,1,18/22,67,0.951114188379147,True,30.065446|31.622592|33.680106
9,2,15/18,67,0.8876245655663126,False,30.065446|31.675613|33.769893
9,2,16/18,67,0.8935515118665468,True,30.065446|31.675613|33.769893
9,2,18/22,67,0.9388799280122508,True,30.065446|31.675613|33.769893
9,3,15/18,67,0.9045800522319386,True,30.296942|31.835571|33.769893
9,3,16/18,67,0.9117233960467395,True,30.296942|31.835571|33.769893
9,3,18/22,67,0.9508592322075801,True,30.296942|31.835571|33.769893
10,0,15/18,66,0.8948409137494089,True,29.918887|31.626276|33.723570
10,0,16/18,66,0.9011627668144119,True,29.918887|31.626276|33.723570
10,0,18/22,66,0.9478813751143218,True,29.918887|31.626276|33.723570
10,1,15/18,67,0.9063018057919485,True,30.356598|31.766323|33.824899
10,1,16/18,67,0.9125225670172212,True,30.356598|31.766323|33.824899
10,1,18/22,67,0.9499477695445037,True,30.356598|31.766323|33.824899
10,2,15/18,67,0.8977654062031585,True,30.100919|31.565678|33.664509
10,2,16/18,67,0.9031429103930709,True,30.100919|31.565678|33.664509
10,2,18/22,67,0.9476210338110859,True,30.100919|31.565678|33.664509
10,3,15/18,67,0.9004479659684849,True,30.333247|31.736002|33.921390
10,3,16/18,67,0.9113588793505051,True,30.333247|31.736002|33.921390
10,3,18/22,67,0.9482904805103468,True,30.333247|31.736002|33.921390
11,0,15/18,67,0.8977948495754019,True,30.301570|31.743951|33.769893
11,0,16/18,67,0.9164563961610243,True,30.301570|31.743951|33.769893
11,0,18/22,67,0.9448496997944833,True,30.301570|31.743951|33.769893
11,1,15/18,67,0.9034489196316688,True,30.100919|31.721771|33.727725
11,1,16/18,67,0.9197827486031703,True,30.100919|31.721771|33.727725
11,1,18/22,67,0.9506638396620372,True,30.100919|31.721771|33.727725
11,2,15/18,67,0.8891867802890111,False,30.179373|31.751181|33.824899
11,2,16/18,67,0.8915436854076187,True,30.179373|31.751181|33.824899
11,2,18/22,67,0.944840717621693,True,30.179373|31.751181|33.824899
11,3,15/18,66,0.8722434931346744,False,30.037301|31.511524|33.984375
11,3,16/18,66,0.8748752795439407,False,30.037301|31.511524|33.984375
11,3,18/22,66,0.9357729285994234,True,30.037301|31.511524|33.984375
12,0,15/18,66,0.8972646753611856,True,30.160826|31.625352|33.900394
12,0,16/18,66,0.8991987852585496,True,30.160826|31.625352|33.900394
12,0,18/22,66,0.9502364513145819,True,30.160826|31.625352|33.900394
12,1,15/18,67,0.8990584391499858,True,30.127285|31.675613|33.691029
12,1,16/18,67,0.9145381927051387,True,30.127285|31.675613|33.691029
12,1,18/22,67,0.9472630222386752,True,30.127285|31.675613|33.691029
12,2,15/18,67,0.8978237038661204,True,30.260929|31.888473|33.824899
12,2,16/18,67,0.9004025947908455,True,30.260929|31.888473|33.824899
12,2,18/22,67,0.9487518677544782,True,30.260929|31.888473|33.824899
12,3,15/18,67,0.8978984646414251,True,30.033739|31.622592|33.727725
12,3,16/18,67,0.9030369244763488,True,30.033739|31.622592|33.727725
12,3,18/22,67,0.9509789824734369,True,30.033739|31.622592|33.727725
13,0,15/18,67,0.8999388386872745,True,30.100919|31.736002|33.727725
13,0,16/18,67,0.9057810514334762,True,30.100919|31.736002|33.727725
13,0,18/22,67,0.9489767682010211,True,30.100919|31.736002|33.727725
13,1,15/18,67,0.875286611668656,False,30.093525|31.633451|33.783267
13,1,16/18,67,0.8804208843967734,False,30.093525|31.633451|33.783267
13,1,18/22,67,0.9361315566435034,True,30.093525|31.633451|33.783267
13,2,15/18,67,0.9118422723082106,True,30.041772|31.625814|33.727725
13,2,16/18,67,0.9163273090224223,True,30.041772|31.625814|33.727725
13,2,18/22,67,0.9548116904437598,True,30.041772|31.625814|33.727725
13,3,15/18,66,0.906934736762071,True,30.427198|31.753520|33.900394
13,3,16/18,66,0.9192781467633548,True,30.427198|31.753520|33.900394
13,3,18/22,66,0.9526961487134472,True,30.427198|31.753520|33.900394
14,0,15/18,67,0.9062694469029154,True,29.931512|31.751181|33.921390
14,0,16/18,67,0.9213530139941197,True,29.931512|31.751181|33.921390
14,0,18/22,67,0.9511657600851222,True,29.931512|31.751181|33.921390
14,1,15/18,67,0.8921535252954433,True,30.301570|31.625814|33.746960
14,1,16/18,67,0.8954484257308781,True,30.301570|31.625814|33.746960
14,1,18/22,67,0.9450719936264877,True,30.301570|31.625814|33.746960
14,2,15/18,67,0.8958179439850683,True,30.296942|31.740891|33.680106
14,2,16/18,67,0.9025321356558003,True,30.296942|31.740891|33.680106
14,2,18/22,67,0.9460513273850749,True,30.296942|31.740891|33.680106
14,3,15/18,66,0.8983589957025381,True,30.072841|31.640625|33.767265
14,3,16/18,66,0.9037610555969287,True,30.072841|31.640625|33.767265
14,3,18/22,66,0.9472931108133485,True,30.072841|31.640625|33.767265
15,0,15/18,67,0.8774179104808516,False,30.125005|31.759094|33.684261
15,0,16/18,67,0.9005012702309756,True,30.125005|31.759094|33.684261
15,0,18/22,67,0.9356530268162333,True,30.125005|31.759094|33.684261
15,1,15/18,66,0.9015301700252488,True,30.185555|31.626276|33.740191
15,1,16/18,66,0.9137302465122529,True,30.185555|31.626276|33.740191
15,1,18/22,66,0.948906603808533,True,30.185555|31.626276|33.740191
15,2,15/18,67,0.8889748720544665,False,30.117121|31.736002|33.921390
15,2,16/18,67,0.8914186737202138,True,30.117121|31.736002|33.921390
15,2,18/22,67,0.9462348370601787,True,30.117121|31.736002|33.921390
15,3,15/18,67,0.8927529663320016,True,30.107762|31.675613|33.769893
15,3,16/18,67,0.8971618211546195,True,30.107762|31.675613|33.769893
15,3,18/22,67,0.946027264203637,True,30.107762|31.675613|33.769893
16,0,15/18,67,0.900231848138749,True,30.179373|31.766323|33.783267
16,0,16/18,67,0.9026398880825883,True,30.179373|31.766323|33.783267
16,0,18/22,67,0.9493802547175544,True,30.179373|31.766323|33.783267
16,1,15/18,67,0.8997659037843292,True,30.297941|31.675613|33.769893
16,1,16/18,67,0.9048033086632079,True,30.297941|31.675613|33.769893
16,1,18/22,67,0.9512438333399388,True,30.297941|31.675613|33.769893
16,2,15/18,66,0.8998095865000539,True,30.119402|31.625352|33.767265
16,2,16/18,66,0.904474983370356,True,30.119402|31.625352|33.767265
16,2,18/22,66,0.9501162062261065,True,30.119402|31.625352|33.767265
16,3,15/18,67,0.8899091249589839,False,30.007698|31.675613|33.742611
16,3,16/18,67,0.9098176599891897,True,30.007698|31.675613|33.742611
16,3,18/22,67,0.9410047572217621,True,30.007698|31.675613|33.742611
17,0,15/18,66,0.9021411374046762,True,30.160826|31.732941|33.799734
17,0,16/18,66,0.9054208021911073,True,30.160826|31.732941|33.799734
17,0,18/22,66,0.9525351236960974,True,30.160826|31.732941|33.799734
17,1,15/18,67,0.8942221750569037,True,30.260929|31.743951|33.921390
17,1,16/18,67,0.8969627803090382,True,30.260929|31.743951|33.921390
17,1,18/22,67,0.9441293030529135,True,30.260929|31.743951|33.921390
17,2,15/18,67,0.9028346352464198,True,30.041772|31.633451|33.783267
17,2,16/18,67,0.9061043739620622,True,30.041772|31.633451|33.783267
17,2,18/22,67,0.9484169275541753,True,30.041772|31.633451|33.783267
17,3,15/18,67,0.9042471472496436,True,30.065446|31.640625|33.449038
17,3,16/18,67,0.9146783179344854,True,30.065446|31.640625|33.449038
17,3,18/22,67,0.9519203075667422,True,30.065446|31.640625|33.449038
18,0,15/18,67,0.8861375782969988,False,30.001219|31.835571|33.775382
18,0,16/18,67,0.8924899679963171,True,30.001219|31.835571|33.775382
18,0,18/22,67,0.9430049788142219,True,30.001219|31.835571|33.775382
18,1,15/18,66,0.8935467946574966,True,30.110279|31.710601|33.799734
18,1,16/18,66,0.8965204848733405,True,30.110279|31.710601|33.799734
18,1,18/22,66,0.947843245145902,True,30.110279|31.710601|33.799734
18,2,15/18,67,0.890191273465415,True,30.333247|31.721771|33.769893
18,2,16/18,67,0.9088638680409309,True,30.333247|31.721771|33.769893
18,2,18/22,67,0.9409189804474678,True,30.333247|31.721771|33.769893
18,3,15/18,67,0.9031430186479041,True,30.107762|31.459255|33.727725
18,3,16/18,67,0.9213612930507417,True,30.107762|31.459255|33.727725
18,3,18/22,67,0.9501067851580306,True,30.107762|31.459255|33.727725
19,0,15/18,67,0.8891561217692665,False,30.127285|31.633451|33.645866
19,0,16/18,67,0.9100502889704886,True,30.127285|31.633451|33.645866
19,0,18/22,67,0.9417427376825321,True,30.127285|31.633451|33.645866
19,1,15/18,67,0.8973193698055777,True,30.260929|31.751181|33.746960
19,1,16/18,67,0.9020131585047009,True,30.260929|31.751181|33.746960
19,1,18/22,67,0.9467019190807514,True,30.260929|31.751181|33.746960
19,2,15/18,67,0.9003757349898552,True,30.117121|31.632989|33.783267
19,2,16/18,67,0.9033812346546777,True,30.117121|31.632989|33.783267
19,2,18/22,67,0.951131310253469,True,30.117121|31.632989|33.783267
19,3,15/18,66,0.8981186836715007,True,30.110279|31.739062|33.799734
19,3,16/18,66,0.9014397279347686,True,30.110279|31.739062|33.799734
19,3,18/22,66,0.9494478376080272,True,30.110279|31.739062|33.799734
20,0,15/18,67,0.8973935452488615,True,30.247019|31.675613|33.475886
20,0,16/18,67,0.9091169539607679,True,30.247019|31.675613|33.475886
20,0,18/22,67,0.9469585502059706,True,30.247019|31.675613|33.475886
20,1,15/18,66,0.9002198803862063,True,30.160826|31.835938|33.984375
20,1,16/18,66,0.913477802581719,True,30.160826|31.835938|33.984375
20,1,18/22,66,0.9481155427776601,True,30.160826|31.835938|33.984375
20,2,15/18,67,0.886952978054496,False,29.931512|31.351281|33.769893
20,2,16/18,67,0.891809298406345,True,29.931512|31.351281|33.769893
20,2,18/22,67,0.9449197419244448,True,29.931512|31.351281|33.769893
20,3,15/18,67,0.9042296216069498,True,30.179373|31.763983|33.824899
20,3,16/18,67,0.9104655280850131,True,30.179373|31.763983|33.824899
20,3,18/22,67,0.9521218585671988,True,30.179373|31.763983|33.824899
21,0,15/18,67,0.8952533711102497,True,30.041772|31.675613|33.775382
21,0,16/18,67,0.9055649871545909,True,30.041772|31.675613|33.775382
21,0,18/22,67,0.9428175773195887,True,30.041772|31.675613|33.775382
21,1,15/18,67,0.8947125009358865,True,30.179373|31.633451|33.693658
21,1,16/18,67,0.9015917566209278,True,30.179373|31.633451|33.693658
21,1,18/22,67,0.9476402013369463,True,30.179373|31.633451|33.693658
21,2,15/18,67,0.9094297225030236,True,30.127285|31.625814|33.783267
21,2,16/18,67,0.9147490350202938,True,30.127285|31.625814|33.783267
21,2,18/22,67,0.9537917950277855,True,30.127285|31.625814|33.783267
21,3,15/18,66,0.8972793486800598,True,30.286054|31.835205|33.767265
21,3,16/18,66,0.9022306252952195,True,30.286054|31.835205|33.767265
21,3,18/22,66,0.9518462948481663,True,30.286054|31.835205|33.767265
22,0,15/18,67,0.8979090715034287,True,30.127285|31.743951|33.775382
22,0,16/18,67,0.9091756936262835,True,30.127285|31.743951|33.775382
22,0,18/22,67,0.9451838799071366,True,30.127285|31.743951|33.775382
22,1,15/18,67,0.8989088059136371,True,30.001219|31.268509|33.727725
22,1,16/18,67,0.9038739486030195,True,30.001219|31.268509|33.727725
22,1,18/22,67,0.9505039962026608,True,30.001219|31.268509|33.727725
22,2,15/18,67,0.9084879089021884,True,30.041772|31.721771|33.783267
22,2,16/18,67,0.9151975305126153,True,30.041772|31.721771|33.783267
22,2,18/22,67,0.953230945831042,True,30.041772|31.721771|33.783267
22,3,15/18,66,0.8886233682639648,False,30.391088|31.835205|33.777778
22,3,16/18,66,0.8939959218994613,True,30.391088|31.835205|33.777778
22,3,18/22,66,0.9457128562616246,True,30.391088|31.835205|33.777778
23,0,15/18,67,0.8995739607285784,True,30.382886|31.751181|33.783267
23,0,16/18,67,0.9029603231184763,True,30.382886|31.751181|33.783267
23,0,18/22,67,0.9530054297446956,True,30.382886|31.751181|33.783267
23,1,15/18,66,0.8893187641584808,False,30.043262|31.406985|33.767265
23,1,16/18,66,0.8955653978501241,True,30.043262|31.406985|33.767265
23,1,18/22,66,0.945559610083207,True,30.043262|31.406985|33.767265
23,2,15/18,67,0.900161748070872,True,30.257906|31.807165|33.769893
23,2,16/18,67,0.9185575482335092,True,30.257906|31.807165|33.769893
23,2,18/22,67,0.9487539719008296,True,30.257906|31.807165|33.769893
23,3,15/18,67,0.9000908145857061,True,30.065446|31.625814|33.749588
23,3,16/18,67,0.9049573222433348,True,30.065446|31.625814|33.749588
23,3,18/22,67,0.9479384002151795,True,30.065446|31.625814|33.749588
24,0,15/18,67,0.8971856806392026,True,30.100919|31.766323|33.824899
24,0,16/18,67,0.900097378499788,True,30.100919|31.766323|33.824899
24,0,18/22,67,0.9506249413482382,True,30.100919|31.766323|33.824899
24,1,15/18,67,0.9010784702178614,True,30.153098|31.633451|33.783267
24,1,16/18,67,0.9044629389014783,True,30.153098|31.633451|33.783267
24,1,18/22,67,0.9495141326516938,True,30.153098|31.633451|33.783267
24,2,15/18,67,0.910358999744085,True,30.065446|31.405972|33.613808
24,2,16/18,67,0.9185760807469737,True,30.065446|31.405972|33.613808
24,2,18/22,67,0.954889109918625,True,30.065446|31.405972|33.613808
24,3,15/18,66,0.8936108426446463,True,30.286054|31.748841|33.777778
24,3,16/18,66,0.8977435102747671,True,30.286054|31.748841|33.777778
24,3,18/22,66,0.9441890747287648,True,30.286054|31.748841|33.777778
25,0,15/18,67,0.8970136540071753,True,30.117121|31.568438|33.684261
25,0,16/18,67,0.9027067562790881,True,30.117121|31.568438|33.684261
25,0,18/22,67,0.9511064207372918,True,30.117121|31.568438|33.684261
25,1,15/18,66,0.8989862607567234,True,30.023052|31.732941|33.900394
25,1,16/18,66,0.9113559945389522,True,30.023052|31.732941|33.900394
25,1,18/22,66,0.9458503880566494,True,30.023052|31.732941|33.900394
25,2,15/18,67,0.8930666917640346,True,30.389709|31.763983|33.921390
25,2,16/18,67,0.8943674626996859,True,30.389709|31.763983|33.921390
25,2,18/22,67,0.9492311196324017,True,30.389709|31.763983|33.921390
25,3,15/18,67,0.8962429489995669,True,30.016377|31.633451|33.680106
25,3,16/18,67,0.9104511903856538,True,30.016377|31.633451|33.680106
25,3,18/22,67,0.9482963919759442,True,30.016377|31.633451|33.680106
26,0,15/18,67,0.8749189926802785,False,30.100919|31.721771|33.746960
26,0,16/18,67,0.8815797573247142,False,30.100919|31.721771|33.746960
26,0,18/22,67,0.9366218201518142,True,30.100919|31.721771|33.746960
26,1,15/18,67,0.9046365482844217,True,30.153098|31.633451|33.727725
26,1,16/18,67,0.9099721860535381,True,30.153098|31.633451|33.727725
26,1,18/22,67,0.9520619428041227,True,30.153098|31.633451|33.727725
26,2,15/18,67,0.9096609158352782,True,30.416791|31.944741|33.783267
26,2,16/18,67,0.9120558015210064,True,30.416791|31.944741|33.783267
26,2,18/22,67,0.9547373962436401,True,30.416791|31.944741|33.783267
26,3,15/18,66,0.9025781862727617,True,29.893984|31.297604|33.984375
26,3,16/18,66,0.9156675872341551,True,29.893984|31.297604|33.984375
26,3,18/22,66,0.9491907724657994,True,29.893984|31.297604|33.984375
27,0,15/18,66,0.8946491353530982,True,30.300571|31.732941|33.799734
27,0,16/18,66,0.8993315171644998,True,30.300571|31.732941|33.799734
27,0,18/22,66,0.9474368090597615,True,30.300571|31.732941|33.799734
27,1,15/18,67,0.9022074322781266,True,30.041772|31.565678|33.769893
27,1,16/18,67,0.9055691767618513,True,30.041772|31.565678|33.769893
27,1,18/22,67,0.9564590190037786,True,30.041772|31.565678|33.769893
27,2,15/18,67,0.8986141677729488,True,30.367046|31.743951|33.746960
27,2,16/18,67,0.9076894289239882,True,30.367046|31.743951|33.746960
27,2,18/22,67,0.9464666491791317,True,30.367046|31.743951|33.746960
27,3,15/18,67,0.9037703526564497,True,30.041772|31.736002|33.783267
27,3,16/18,67,0.9060356750557752,True,30.041772|31.736002|33.783267
27,3,18/22,67,0.9507688194463685,True,30.041772|31.736002|33.783267
28,0,15/18,67,0.8922968209205582,True,30.033739|31.405972|33.921390
28,0,16/18,67,0.8939268021065699,True,30.033739|31.405972|33.921390
28,0,18/22,67,0.9462086379225151,True,30.033739|31.405972|33.921390
28,1,15/18,67,0.9040910164156654,True,29.898265|31.328493|33.613808
28,1,16/18,67,0.9112418519805232,True,29.898265|31.328493|33.613808
28,1,18/22,67,0.9520664852821157,True,29.898265|31.328493|33.613808
28,2,15/18,66,0.9012866666114937,True,30.129913|31.748841|33.723570
28,2,16/18,66,0.9136396768920689,True,30.129913|31.748841|33.723570
28,2,18/22,66,0.9476648341807596,True,30.129913|31.748841|33.723570
28,3,15/18,67,0.8910232102938337,True,30.477432|31.970322|33.921390
28,3,16/18,67,0.8934592836046311,True,30.477432|31.970322|33.921390
28,3,18/22,67,0.9489560495811934,True,30.477432|31.970322|33.921390
29,0,15/18,67,0.9029497222967782,True,30.179373|31.736002|33.727725
29,0,16/18,67,0.909058446134282,True,30.179373|31.736002|33.727725
29,0,18/22,67,0.9515948008522461,True,30.179373|31.736002|33.727725
29,1,15/18,67,0.8842303257905956,False,30.296942|31.740891|33.829427
29,1,16/18,67,0.8851084903203226,False,30.296942|31.740891|33.829427
29,1,18/22,67,0.9428651638755212,True,30.296942|31.740891|33.829427
29,2,15/18,66,0.8992378774785021,True,30.129913|31.732941|33.900394
29,2,16/18,66,0.9180472675915402,True,30.129913|31.732941|33.900394
29,2,18/22,66,0.9464462202621929,True,30.129913|31.732941|33.900394
29,3,15/18,67,0.8989997901013577,True,29.931512|31.622592|33.746960
29,3,16/18,67,0.9042078023823605,True,29.931512|31.622592|33.746960
29,3,18/22,67,0.9513170584502306,True,29.931512|31.622592|33.746960
30,0,15/18,67,0.9006373028466262,True,30.041772|31.622592|33.746960
30,0,16/18,67,0.905724711050713,True,30.041772|31.622592|33.746960
30,0,18/22,67,0.951881582761546,True,30.041772|31.622592|33.746960
30,1,15/18,67,0.8938946876459287,True,30.260929|31.736002|33.769893
30,1,16/18,67,0.8977609748928331,True,30.260929|31.736002|33.769893
30,1,18/22,67,0.9482057732077193,True,30.260929|31.736002|33.769893
30,2,15/18,66,0.8931995469521116,True,30.119402|31.640625|33.900394
30,2,16/18,66,0.8966266753569588,True,30.119402|31.640625|33.900394
30,2,18/22,66,0.9473293310319851,True,30.119402|31.640625|33.900394
30,3,15/18,67,0.8972947520786171,True,30.127285|31.766323|33.769893
30,3,16/18,67,0.9166328239800646,True,30.127285|31.766323|33.769893
30,3,18/22,67,0.9456880143942527,True,30.127285|31.766323|33.769893
31,0,15/18,67,0.8908495920777723,True,30.127285|31.675613|33.769893
31,0,16/18,67,0.8950734608402829,True,30.127285|31.675613|33.769893
31,0,18/22,67,0.9484063868863774,True,30.127285|31.675613|33.769893
31,1,15/18,66,0.9008962024789335,True,30.037301|31.625352|33.777778
31,1,16/18,66,0.9058773257138923,True,30.037301|31.625352|33.777778
31,1,18/22,66,0.9525753760816523,True,30.037301|31.625352|33.777778
31,2,15/18,67,0.8981710827780353,True,30.301570|31.888473|33.769893
31,2,16/18,67,0.9176611502781813,True,30.301570|31.888473|33.769893
31,2,18/22,67,0.9469361768799559,True,30.301570|31.888473|33.769893
31,3,15/18,67,0.8950666507896285,True,30.117121|31.633451|33.775382
31,3,16/18,67,0.8989913339942985,True,30.117121|31.633451|33.775382
31,3,18/22,67,0.9464497116970729,True,30.117121|31.633451|33.775382
32,0,15/18,67,0.8998653033542986,True,30.127285|31.746291|33.727725
32,0,16/18,67,0.9183954697313284,True,30.127285|31.746291|33.727725
32,0,18/22,67,0.9480099210520535,True,30.127285|31.746291|33.727725
32,1,15/18,67,0.886477524284726,False,30.100919|31.743951|33.769893
32,1,16/18,67,0.8927717368460497,True,30.100919|31.743951|33.769893
32,1,18/22,67,0.9445511581762491,True,30.100919|31.743951|33.769893
32,2,15/18,66,0.896456842765459,True,30.185555|31.640625|33.799734
32,2,16/18,66,0.9073888939776638,True,30.185555|31.640625|33.799734
32,2,18/22,66,0.9454954521725717,True,30.185555|31.640625|33.799734
32,3,15/18,67,0.8991621406568785,True,30.100919|31.458241|33.783267
32,3,16/18,67,0.9032892326820321,True,30.100919|31.458241|33.783267
32,3,18/22,67,0.9483633859771471,True,30.100919|31.458241|33.783267
33,0,15/18,66,0.8904872760540872,True,30.023052|31.626276|33.900394
33,0,16/18,66,0.9079855070597774,True,30.023052|31.626276|33.900394
33,0,18/22,66,0.9420383817456741,True,30.023052|31.626276|33.900394
33,1,15/18,67,0.9055994329897415,True,30.458362|31.835571|33.749588
33,1,16/18,67,0.9105390049397373,True,30.458362|31.835571|33.749588
33,1,18/22,67,0.9538937932281972,True,30.458362|31.835571|33.749588
33,2,15/18,67,0.8987900102973543,True,30.038210|31.625814|33.684261
33,2,16/18,67,0.9053902161214197,True,30.038210|31.625814|33.684261
33,2,18/22,67,0.9524595947956227,True,30.038210|31.625814|33.684261
33,3,15/18,67,0.8994275850508774,True,30.063956|31.668439|33.769893
33,3,16/18,67,0.9021255370923305,True,30.063956|31.668439|33.769893
33,3,18/22,67,0.9499090847755826,True,30.063956|31.668439|33.769893
34,0,15/18,66,0.8992786791905496,True,30.119402|31.640625|33.900394
34,0,16/18,66,0.9045564729389771,True,30.119402|31.640625|33.900394
34,0,18/22,66,0.9471601299699576,True,30.119402|31.640625|33.900394
34,1,15/18,67,0.8919930074916617,True,30.153098|31.633451|33.727725
34,1,16/18,67,0.8991691822213873,True,30.153098|31.633451|33.727725
34,1,18/22,67,0.9439724627397491,True,30.153098|31.633451|33.727725
34,2,15/18,67,0.9032222044023713,True,30.387023|31.835571|33.921390
34,2,16/18,67,0.9145281588144913,True,30.387023|31.835571|33.921390
34,2,18/22,67,0.9482232803433227,True,30.387023|31.835571|33.921390
34,3,15/18,67,0.9026179093290514,True,29.914088|31.625814|33.664509
34,3,16/18,67,0.9079709217441609,True,29.914088|31.625814|33.664509
34,3,18/22,67,0.9525464941511601,True,29.914088|31.625814|33.664509
35,0,15/18,67,0.8890176307704855,False,30.418170|31.888473|33.769893
35,0,16/18,67,0.8940692164796648,True,30.418170|31.888473|33.769893
35,0,18/22,67,0.9455532202749143,True,30.418170|31.888473|33.769893
35,1,15/18,67,0.9066805242122494,True,30.001219|31.244707|33.620392
35,1,16/18,67,0.918279225569998,True,30.001219|31.244707|33.620392
35,1,18/22,67,0.9517683577025011,True,30.001219|31.244707|33.620392
35,2,15/18,67,0.8955757914066189,True,30.117121|31.746291|33.808432
35,2,16/18,67,0.8987782369212464,True,30.117121|31.746291|33.808432
35,2,18/22,67,0.9493732122108742,True,30.117121|31.746291|33.808432
35,3,15/18,66,0.8984562332572363,True,30.043262|31.640625|33.984375
35,3,16/18,66,0.9043700410430113,True,30.043262|31.640625|33.984375
35,3,18/22,66,0.9467961489696372,True,30.043262|31.640625|33.984375
36,0,15/18,67,0.8912284995106784,True,30.367046|31.743951|33.824899
36,0,16/18,67,0.8921500634706082,True,30.367046|31.743951|33.824899
36,0,18/22,67,0.9462604788708362,True,30.367046|31.743951|33.824899
36,1,15/18,66,0.8866216334495179,False,30.129913|31.640625|33.984375
36,1,16/18,66,0.8892450970149921,False,30.129913|31.640625|33.984375
36,1,18/22,66,0.9401262949465282,True,30.129913|31.640625|33.984375
36,2,15/18,67,0.9008951165578689,True,30.001219|31.459255|33.538981
36,2,16/18,67,0.9194124761794056,True,30.001219|31.459255|33.538981
36,2,18/22,67,0.94835814749853,True,30.001219|31.459255|33.538981
36,3,15/18,67,0.9097969809721509,True,30.153098|31.743951|33.691029
36,3,16/18,67,0.9167281224511115,True,30.153098|31.743951|33.691029
36,3,18/22,67,0.9558778031025168,True,30.153098|31.743951|33.691029
37,0,15/18,67,0.8955685548869748,True,30.260929|31.565678|33.727725
37,0,16/18,67,0.9119258010090396,True,30.260929|31.565678|33.727725
37,0,18/22,67,0.9451226949296643,True,30.260929|31.565678|33.727725
37,1,15/18,67,0.9076839609493577,True,30.065446|31.751181|33.775382
37,1,16/18,67,0.9114105620083617,True,30.065446|31.751181|33.775382
37,1,18/22,67,0.9558361868085846,True,30.065446|31.751181|33.775382
37,2,15/18,67,0.8973659846537698,True,30.117121|31.640625|33.769893
37,2,16/18,67,0.9024701822130661,True,30.117121|31.640625|33.769893
37,2,18/22,67,0.9498643584285449,True,30.117121|31.640625|33.769893
37,3,15/18,66,0.8846027466266124,False,30.119402|31.732941|33.900394
37,3,16/18,66,0.8888327773463566,False,30.119402|31.732941|33.900394
37,3,18/22,66,0.943809895399321,True,30.119402|31.732941|33.900394
38,0,15/18,67,0.9018537878174349,True,29.992212|31.675613|33.746960
38,0,16/18,67,0.9062603656715704,True,29.992212|31.675613|33.746960
38,0,18/22,67,0.9519731615400472,True,29.992212|31.675613|33.746960
38,1,15/18,67,0.8903408419242628,True,30.179373|31.743951|33.824899
38,1,16/18,67,0.893227704956114,True,30.179373|31.743951|33.824899
38,1,18/22,67,0.9470942617425616,True,30.179373|31.743951|33.824899
38,2,15/18,67,0.8971396565671951,True,30.001219|31.136548|33.538981
38,2,16/18,67,0.9108038778689503,True,30.001219|31.136548|33.538981
38,2,18/22,67,0.9452305325446974,True,30.001219|31.136548|33.538981
38,3,15/18,66,0.912106406037826,True,30.475830|32.093732|33.984375
38,3,16/18,66,0.9128342710061582,True,30.475830|32.093732|33.984375
38,3,18/22,66,0.9567627109741167,True,30.475830|32.093732|33.984375
39,0,15/18,67,0.890933846466883,True,30.117121|31.736002|33.734494
39,0,16/18,67,0.8978016971864892,True,30.117121|31.736002|33.734494
39,0,18/22,67,0.9426092954088232,True,30.117121|31.736002|33.734494
39,1,15/18,67,0.9059322264979391,True,30.427198|31.891839|33.769893
39,1,16/18,67,0.9227580554225174,True,30.427198|31.891839|33.769893
39,1,18/22,67,0.9542278025252,True,30.427198|31.891839|33.769893
39,2,15/18,67,0.8813295657205884,False,30.041772|31.623054|33.808432
39,2,16/18,67,0.8851317630488968,False,30.041772|31.623054|33.808432
39,2,18/22,67,0.9395389848965199,True,30.041772|31.623054|33.808432
39,3,15/18,66,0.9043856401065344,True,29.935721|31.625352|33.799734
39,3,16/18,66,0.9090848848408052,True,29.935721|31.625352|33.799734
39,3,18/22,66,0.9514196464658644,True,29.935721|31.625352|33.799734
40,0,15/18,67,0.8873813934581782,False,30.041772|31.633451|33.746960
40,0,16/18,67,0.8924561869457608,True,30.041772|31.633451|33.746960
40,0,18/22,67,0.9437366993872455,True,30.041772|31.633451|33.746960
40,1,15/18,67,0.9030620396170441,True,30.127285|31.675613|33.783267
40,1,16/18,67,0.9062823022426985,True,30.127285|31.675613|33.783267
40,1,18/22,67,0.9527045733676639,True,30.127285|31.675613|33.783267
40,2,15/18,66,0.8996463032865686,True,30.160826|31.710601|33.767265
40,2,16/18,66,0.9081018219870384,True,30.160826|31.710601|33.767265
40,2,18/22,66,0.9488041060105432,True,30.160826|31.710601|33.767265
40,3,15/18,67,0.8967118708068548,True,30.254747|31.751181|33.824899
40,3,16/18,67,0.9144780072837759,True,30.254747|31.751181|33.824899
40,3,18/22,67,0.9452862015651583,True,30.254747|31.751181|33.824899
41,0,15/18,67,0.8865270001509953,False,30.271817|31.888107|33.769893
41,0,16/18,67,0.8905303387597381,True,30.271817|31.888107|33.769893
41,0,18/22,67,0.9420905006548194,True,30.271817|31.888107|33.769893
41,1,15/18,67,0.9107816073458569,True,30.127285|31.640625|33.664509
41,1,16/18,67,0.9277462330390317,True,30.127285|31.640625|33.664509
41,1,18/22,67,0.9547190125295496,True,30.127285|31.640625|33.664509
41,2,15/18,67,0.8951816761564549,True,30.296942|31.622592|33.680106
41,2,16/18,67,0.9024906481115582,True,30.296942|31.622592|33.680106
41,2,18/22,67,0.947751626010934,True,30.296942|31.622592|33.680106
41,3,15/18,66,0.8947572103280641,True,30.023052|31.626276|34.024742
41,3,16/18,66,0.8947572103280641,True,30.023052|31.626276|34.024742
41,3,18/22,66,0.9446949848338481,True,30.023052|31.626276|34.024742
42,0,15/18,67,0.8901057246474459,True,30.127285|31.807165|33.727725
42,0,16/18,67,0.896850558966975,True,30.127285|31.807165|33.727725
42,0,18/22,67,0.9444599960185254,True,30.127285|31.807165|33.727725
42,1,15/18,66,0.8848258111813964,False,30.286054|31.625352|33.767265
42,1,16/18,66,0.906259830976951,True,30.286054|31.625352|33.767265
42,1,18/22,66,0.9387747613008386,True,30.286054|31.625352|33.767265
42,2,15/18,67,0.8994957661451112,True,30.125005|31.632989|33.921390
42,2,16/18,67,0.8994957661451112,True,30.125005|31.632989|33.921390
42,2,18/22,67,0.9507898100533082,True,30.125005|31.632989|33.921390
42,3,15/18,67,0.9096714612199583,True,30.065446|31.721771|33.783267
42,3,16/18,67,0.9121215014181915,True,30.065446|31.721771|33.783267
42,3,18/22,67,0.9534178182429112,True,30.065446|31.721771|33.783267
43,0,15/18,66,0.9038073614762135,True,30.043262|31.625352|33.665618
43,0,16/18,66,0.9153962239964033,True,30.043262|31.625352|33.665618
43,0,18/22,66,0.949842318382401,True,30.043262|31.625352|33.665618
43,1,15/18,67,0.8948261712774495,True,30.367046|31.944741|33.808432
43,1,16/18,67,0.9095099606031403,True,30.367046|31.944741|33.808432
43,1,18/22,67,0.9443128768611146,True,30.367046|31.944741|33.808432
43,2,15/18,67,0.9008064599225256,True,30.301570|31.751181|33.824899
43,2,16/18,67,0.9071147918135679,True,30.301570|31.751181|33.824899
43,2,18/22,67,0.9488629211014525,True,30.301570|31.751181|33.824899
43,3,15/18,67,0.8834519582783508,False,29.898265|31.228448|33.734494
43,3,16/18,67,0.8908884998789443,True,29.898265|31.228448|33.734494
43,3,18/22,67,0.9409228512782984,True,29.898265|31.228448|33.734494
44,0,15/18,67,0.8867238574402493,False,30.458362|31.835571|33.783267
44,0,16/18,67,0.9069854063786487,True,30.458362|31.835571|33.783267
44,0,18/22,67,0.9381314494227353,True,30.458362|31.835571|33.783267
44,1,15/18,67,0.8973177834157395,True,29.931512|31.630228|33.783267
44,1,16/18,67,0.9002726268093063,True,29.931512|31.630228|33.783267
44,1,18/22,67,0.9506282940508474,True,29.931512|31.630228|33.783267
44,2,15/18,67,0.8857047518182801,False,30.041772|31.721771|33.921390
44,2,16/18,67,0.8881485534840274,False,30.041772|31.721771|33.921390
44,2,18/22,67,0.9433181752290877,True,30.041772|31.721771|33.921390
44,3,15/18,66,0.8969448965106108,True,30.110279|31.625352|33.516868
44,3,16/18,66,0.9166491201688014,True,30.110279|31.625352|33.516868
44,3,18/22,66,0.9463595176067134,True,30.110279|31.625352|33.516868
45,0,15/18,67,0.9026695788586222,True,30.301570|31.736002|33.769893
45,0,16/18,67,0.9151324066958738,True,30.301570|31.736002|33.769893
45,0,18/22,67,0.9483369964898655,True,30.301570|31.736002|33.769893
45,1,15/18,66,0.8883223600119607,False,29.893984|31.406985|33.723570
45,1,16/18,66,0.8956450819886274,True,29.893984|31.406985|33.723570
45,1,18/22,66,0.9437408270900074,True,29.893984|31.406985|33.723570
45,2,15/18,67,0.9080988509564789,True,30.296942|31.807165|33.855986
45,2,16/18,67,0.9099020002406524,True,30.296942|31.807165|33.855986
45,2,18/22,67,0.954482261521878,True,30.296942|31.807165|33.855986
45,3,15/18,67,0.8952345862722038,True,30.153098|31.686783|33.783267
45,3,16/18,67,0.8989490174100909,True,30.153098|31.686783|33.783267
45,3,18/22,67,0.9493731278730102,True,30.153098|31.686783|33.783267
46,0,15/18,67,0.8917018289581835,True,30.060394|31.686783|33.808432
46,0,16/18,67,0.8983265533101865,True,30.060394|31.686783|33.808432
46,0,18/22,67,0.9412550681484211,True,30.060394|31.686783|33.808432
46,1,15/18,67,0.9075229008263598,True,30.117121|31.622592|33.921390
46,1,16/18,67,0.9084811266464671,True,30.117121|31.622592|33.921390
46,1,18/22,67,0.9534972093343067,True,30.117121|31.622592|33.921390
46,2,15/18,67,0.9060545943318015,True,30.093525|31.513409|33.680106
46,2,16/18,67,0.9117715307952274,True,30.093525|31.513409|33.680106
46,2,18/22,67,0.9519073026297576,True,30.093525|31.513409|33.680106
46,3,15/18,66,0.8931942523572087,True,30.343695|31.948473|33.777778
46,3,16/18,66,0.8983997971764919,True,30.343695|31.948473|33.777778
46,3,18/22,66,0.9484452645845536,True,30.343695|31.948473|33.777778
47,0,15/18,67,0.8824863161211116,False,30.125005|31.633451|33.808432
47,0,16/18,67,0.8860665276433025,False,30.125005|31.633451|33.808432
47,0,18/22,67,0.9402870461397356,True,30.125005|31.633451|33.808432
47,1,15/18,67,0.907313113955888,True,30.107762|31.632989|33.749588
47,1,16/18,67,0.9253587894487,True,30.107762|31.632989|33.749588
47,1,18/22,67,0.9523184348228269,True,30.107762|31.632989|33.749588
47,2,15/18,67,0.8916376942870214,True,30.247019|31.743951|33.734494
47,2,16/18,67,0.8978430346115285,True,30.247019|31.743951|33.734494
47,2,18/22,67,0.945017233383908,True,30.247019|31.743951|33.734494
47,3,15/18,66,0.9055614374343095,True,30.119402|31.753520|33.799734
47,3,16/18,66,0.9081573616425896,True,30.119402|31.753520|33.799734
47,3,18/22,66,0.955577260979048,True,30.119402|31.753520|33.799734
48,0,15/18,67,0.8978268490525262,True,30.296942|31.766323|33.734494
48,0,16/18,67,0.9049071829455432,True,30.296942|31.766323|33.734494
48,0,18/22,67,0.9485523975460961,True,30.296942|31.766323|33.734494
48,1,15/18,66,0.9049625545355207,True,29.935721|31.239414|33.740191
48,1,16/18,66,0.9089750286240292,True,29.935721|31.239414|33.740191
48,1,18/22,66,0.9530920109590668,True,29.935721|31.239414|33.740191
48,2,15/18,67,0.8963183488237686,True,30.153098|31.721771|33.931481
48,2,16/18,67,0.8973094039178184,True,30.153098|31.721771|33.931481
48,2,18/22,67,0.9462021394832432,True,30.153098|31.721771|33.931481
48,3,15/18,67,0.8987084301140666,True,30.260929|31.743951|33.749588
48,3,16/18,67,0.9063597706272206,True,30.260929|31.743951|33.749588
48,3,18/22,67,0.9468469372067628,True,30.260929|31.743951|33.749588
49,0,15/18,66,0.9037670793077626,True,30.072841|31.626276|33.777778
49,0,16/18,66,0.9089071923453858,True,30.072841|31.626276|33.777778
49,0,18/22,66,0.9540702581966795,True,30.072841|31.626276|33.777778
49,1,15/18,67,0.895014932007015,True,30.001219|31.576075|33.824899
49,1,16/18,67,0.9082504830913057,True,30.001219|31.576075|33.824899
49,1,18/22,67,0.9446455365509884,True,30.001219|31.576075|33.824899
49,2,15/18,67,0.8911224896053455,True,30.301570|31.751181|33.691029
49,2,16/18,67,0.8981571637823971,True,30.301570|31.751181|33.691029
49,2,18/22,67,0.9437423884765052,True,30.301570|31.751181|33.691029
49,3,15/18,67,0.9071175220451546,True,30.304160|31.729721|33.749588
49,3,16/18,67,0.9102409463891374,True,30.304160|31.729721|33.749588
49,3,18/22,67,0.9529990772634419,True,30.304160|31.729721|33.749588
50,0,15/18,67,0.902680957007067,True,30.153098|31.751181|33.845894
50,0,16/18,67,0.9058327899602048,True,30.153098|31.751181|33.845894
50,0,18/22,67,0.9511420409233613,True,30.153098|31.751181|33.845894
50,1,15/18,67,0.9022282554337531,True,30.179373|31.675613|33.755077
50,1,16/18,67,0.9069505222454156,True,30.179373|31.675613|33.755077
50,1,18/22,67,0.9508923373978402,True,30.179373|31.675613|33.755077
50,2,15/18,67,0.905186598062597,True,30.260929|31.721771|33.808432
50,2,16/18,67,0.9066975988515781,True,30.260929|31.721771|33.808432
50,2,18/22,67,0.9504618916610222,True,30.260929|31.721771|33.808432
50,3,15/18,66,0.8960565024237533,True,30.023052|31.619832|33.723570
50,3,16/18,66,0.9024975779258838,True,30.023052|31.619832|33.723570
50,3,18/22,66,0.9476218378374724,True,30.023052|31.619832|33.723570
51,0,15/18,67,0.8938926001229361,True,30.127285|31.625814|33.783267
51,0,16/18,67,0.8971527653096771,True,30.127285|31.625814|33.783267
51,0,18/22,67,0.9442451295856804,True,30.127285|31.625814|33.783267
51,1,15/18,67,0.8961279329509062,True,30.033739|31.458241|33.746960
51,1,16/18,67,0.9018836713502528,True,30.033739|31.458241|33.746960
51,1,18/22,67,0.9480627093899844,True,30.033739|31.458241|33.746960
51,2,15/18,67,0.8976536302213363,True,30.356598|31.794362|33.769893
51,2,16/18,67,0.9014835981529387,True,30.356598|31.794362|33.769893
51,2,18/22,67,0.9495806644739598,True,30.356598|31.794362|33.769893
51,3,15/18,66,0.9144563675137554,True,30.110279|31.753520|33.777778
51,3,16/18,66,0.9182906409953548,True,30.110279|31.753520|33.777778
51,3,18/22,66,0.9576050027825616,True,30.110279|31.753520|33.777778
52,0,15/18,67,0.8983988320226673,True,30.301570|31.743951|33.829427
52,0,16/18,67,0.8998901911608346,True,30.301570|31.743951|33.829427
52,0,18/22,67,0.9518186601226063,True,30.301570|31.743951|33.829427
52,1,15/18,67,0.9006089980899163,True,30.297941|31.632989|33.783267
52,1,16/18,67,0.9102944175604754,True,30.297941|31.632989|33.783267
52,1,18/22,67,0.9498775652167601,True,30.297941|31.632989|33.783267
52,2,15/18,67,0.901922787152956,True,30.011906|31.766323|33.783267
52,2,16/18,67,0.905434315742535,True,30.011906|31.766323|33.783267
52,2,18/22,67,0.9493590829910494,True,30.011906|31.766323|33.783267
52,3,15/18,66,0.8953340105127231,True,30.037301|31.626276|33.723570
52,3,16/18,66,0.9021074375269963,True,30.037301|31.626276|33.723570
52,3,18/22,66,0.9460069930134397,True,30.037301|31.626276|33.723570
53,0,15/18,67,0.9104997775356454,True,30.179373|31.675613|33.769893
53,0,16/18,67,0.9139779627586904,True,30.179373|31.675613|33.769893
53,0,18/22,67,0.9537108852977698,True,30.179373|31.675613|33.769893
53,1,15/18,67,0.8935117102292726,True,30.117121|31.405972|33.680106
53,1,16/18,67,0.9131259610587884,True,30.117121|31.405972|33.680106
53,1,18/22,67,0.9437754105888478,True,30.117121|31.405972|33.680106
53,2,15/18,66,0.8998210975131861,True,30.129913|32.046146|33.900394
53,2,16/18,66,0.9040511282329302,True,30.129913|32.046146|33.900394
53,2,18/22,66,0.9513897581368683,True,30.129913|32.046146|33.900394
53,3,15/18,67,0.8855429521174942,False,30.100919|31.724831|33.769893
53,3,16/18,67,0.8894015688448756,False,30.100919|31.724831|33.769893
53,3,18/22,67,0.9428385813629641,True,30.100919|31.724831|33.769893
54,0,15/18,67,0.9111907379039397,True,30.117121|31.640625|33.783267
54,0,16/18,67,0.9141436684234232,True,30.117121|31.640625|33.783267
54,0,18/22,67,0.9545703304937604,True,30.117121|31.640625|33.783267
54,1,15/18,66,0.8848539447879389,False,30.343695|31.835938|33.984375
54,1,16/18,66,0.887477408353413,False,30.343695|31.835938|33.984375
54,1,18/22,66,0.944869567408774,True,30.343695|31.835938|33.984375
54,2,15/18,67,0.8961342704915031,True,30.033739|31.721771|33.769893
54,2,16/18,67,0.91280294069015,True,30.033739|31.721771|33.769893
54,2,18/22,67,0.9455079356271496,True,30.033739|31.721771|33.769893
54,3,15/18,67,0.8933724884286511,True,30.065446|31.623054|33.645866
54,3,16/18,67,0.8996848453562539,True,30.065446|31.623054|33.645866
54,3,18/22,67,0.9439777257381616,True,30.065446|31.623054|33.645866
55,0,15/18,66,0.8915681849167555,True,30.037301|31.739062|33.723570
55,0,16/18,66,0.8983942300637598,True,30.037301|31.739062|33.723570
55,0,18/22,66,0.9461073983096334,True,30.037301|31.739062|33.723570
55,1,15/18,67,0.8851423893813443,False,30.254747|31.633451|33.808432
55,1,16/18,67,0.8886373238093163,False,30.254747|31.633451|33.808432
55,1,18/22,67,0.9432453689526077,True,30.254747|31.633451|33.808432
55,2,15/18,67,0.8994978312029788,True,30.117121|31.633451|33.727725
55,2,16/18,67,0.9124147224632048,True,30.117121|31.633451|33.727725
55,2,18/22,67,0.9479468214128204,True,30.117121|31.633451|33.727725
55,3,15/18,67,0.9129500137703788,True,30.333247|31.736002|33.824899
55,3,16/18,67,0.9186997814449204,True,30.333247|31.736002|33.824899
55,3,18/22,67,0.9555697097039083,True,30.333247|31.736002|33.824899
56,0,15/18,67,0.8887858967877695,False,30.001219|31.228448|33.737122
56,0,16/18,67,0.894979491362453,True,30.001219|31.228448|33.737122
56,0,18/22,67,0.9447577806516505,True,30.001219|31.228448|33.737122
56,1,15/18,67,0.9070406417959245,True,30.179373|31.766323|33.921390
56,1,16/18,67,0.9124388355827122,True,30.179373|31.766323|33.921390
56,1,18/22,67,0.9516526824107281,True,30.179373|31.766323|33.921390
56,2,15/18,66,0.8954626470530159,True,30.185555|31.779126|33.799734
56,2,16/18,66,0.8997226677187574,True,30.185555|31.779126|33.799734
56,2,18/22,66,0.9487627469464852,True,30.185555|31.779126|33.799734
56,3,15/18,67,0.8918385369000034,True,30.127285|31.675613|33.684261
56,3,16/18,67,0.9119909267259505,True,30.127285|31.675613|33.684261
56,3,18/22,67,0.942562636174717,True,30.127285|31.675613|33.684261
57,0,15/18,67,0.8868562724804636,False,29.926713|31.686783|33.727725
57,0,16/18,67,0.8913251880047396,True,29.926713|31.686783|33.727725
57,0,18/22,67,0.9423337448663152,True,29.926713|31.686783|33.727725
57,1,15/18,67,0.9028682615690351,True,30.260929|31.565678|33.783267
57,1,16/18,67,0.9071511707048052,True,30.260929|31.565678|33.783267
57,1,18/22,67,0.9517735196918196,True,30.260929|31.565678|33.783267
57,2,15/18,66,0.9097102121656181,True,30.119402|31.625352|33.777778
57,2,16/18,66,0.9170064648805257,True,30.119402|31.625352|33.777778
57,2,18/22,66,0.9544509299400642,True,30.119402|31.625352|33.777778
57,3,15/18,67,0.9010657040718378,True,30.301570|31.835571|33.783267
57,3,16/18,67,0.9052825632706043,True,30.301570|31.835571|33.783267
57,3,18/22,67,0.9481338064617201,True,30.301570|31.835571|33.783267
58,0,15/18,67,0.8827737305941289,False,30.333247|31.686783|33.824899
58,0,16/18,67,0.88672175926589,False,30.333247|31.686783|33.824899
58,0,18/22,67,0.9444385254566094,True,30.333247|31.686783|33.824899
58,1,15/18,67,0.9017296358147807,True,30.011906|31.565678|33.746960
58,1,16/18,67,0.9103268139624271,True,30.011906|31.565678|33.746960
58,1,18/22,67,0.9499749978057579,True,30.011906|31.565678|33.746960
58,2,15/18,66,0.8910370933780426,True,30.286054|31.835205|33.984375
58,2,16/18,66,0.8924379236164364,True,30.286054|31.835205|33.984375
58,2,18/22,66,0.947827268349769,True,30.286054|31.835205|33.984375
58,3,15/18,67,0.9029801282351838,True,30.041772|31.721771|33.660354
58,3,16/18,67,0.9202886067129722,True,30.041772|31.721771|33.660354
58,3,18/22,67,0.9497781777026636,True,30.041772|31.721771|33.660354
59,0,15/18,67,0.8681771413107718,False,30.260929|31.766323|33.824899
59,0,16/18,67,0.8917365636239823,True,30.260929|31.766323|33.824899
59,0,18/22,67,0.9283021745207165,True,30.260929|31.766323|33.824899
59,1,15/18,66,0.8877593897365188,False,29.918887|31.404959|33.777778
59,1,16/18,66,0.8926843429622613,True,29.918887|31.404959|33.777778
59,1,18/22,66,0.9454646746915591,True,29.918887|31.404959|33.777778
59,2,15/18,67,0.8851317041417106,False,30.301570|31.888473|33.680106
59,2,16/18,67,0.8921517606707843,True,30.301570|31.888473|33.680106
59,2,18/22,67,0.9411639310250008,True,30.301570|31.888473|33.680106
59,3,15/18,67,0.9145814845709801,True,30.117121|31.622592|33.769893
59,3,16/18,67,0.9239883788438401,True,30.117121|31.622592|33.769893
59,3,18/22,67,0.9565570779664211,True,30.117121|31.622592|33.769893
60,0,15/18,67,0.9026097063272646,True,30.301570|31.970322|33.921390
60,0,16/18,67,0.9044036637362113,True,30.301570|31.970322|33.921390
60,0,18/22,67,0.9555830470344686,True,30.301570|31.970322|33.921390
60,1,15/18,67,0.9037565058881016,True,30.100919|31.630228|33.727725
60,1,16/18,67,0.9165588288637743,True,30.100919|31.630228|33.727725
60,1,18/22,67,0.9494293393907969,True,30.100919|31.630228|33.727725
60,2,15/18,66,0.8809715017173069,False,30.072841|31.625352|33.767265
60,2,16/18,66,0.885269430082092,False,30.072841|31.625352|33.767265
60,2,18/22,66,0.9381342483239364,True,30.072841|31.625352|33.767265
60,3,15/18,67,0.9060717992510262,True,30.117121|31.721771|33.769893
60,3,16/18,67,0.910610141274752,True,30.117121|31.721771|33.769893
60,3,18/22,67,0.9506005179707204,True,30.117121|31.721771|33.769893
61,0,15/18,67,0.8848632332469129,False,30.171644|31.766323|33.783267
61,0,16/18,67,0.8878619706011543,False,30.171644|31.766323|33.783267
61,0,18/22,67,0.9427616626603704,True,30.171644|31.766323|33.783267
61,1,15/18,66,0.9005267442152587,True,30.129913|31.640625|33.740191
61,1,16/18,66,0.9188179183434235,True,30.129913|31.640625|33.740191
61,1,18/22,66,0.9464525621841,True,30.129913|31.640625|33.740191
61,2,15/18,67,0.8839537395402042,False,30.100919|31.721771|33.775382
61,2,16/18,67,0.8895042200877926,False,30.100919|31.721771|33.775382
61,2,18/22,67,0.9401246707407507,True,30.100919|31.721771|33.775382
61,3,15/18,67,0.8956538516235463,True,30.150470|31.625814|33.808432
61,3,16/18,67,0.9154633135135963,True,30.150470|31.625814|33.808432
61,3,18/22,67,0.945267833244449,True,30.150470|31.625814|33.808432
62,0,15/18,66,0.9072871422272026,True,30.300571|31.739062|33.900394
62,0,16/18,66,0.9092175869875845,True,30.300571|31.739062|33.900394
62,0,18/22,66,0.9551225570658054,True,30.300571|31.739062|33.900394
62,1,15/18,67,0.8879255996826999,False,30.038210|31.736002|33.769893
62,1,16/18,67,0.89330290506279,True,30.038210|31.736002|33.769893
62,1,18/22,67,0.9425717955305655,True,30.038210|31.736002|33.769893
62,2,15/18,67,0.900719098614297,True,30.153098|31.640625|33.769893
62,2,16/18,67,0.9057551357669049,True,30.153098|31.640625|33.769893
62,2,18/22,67,0.9503168143149193,True,30.153098|31.640625|33.769893
62,3,15/18,67,0.8974745373999963,True,30.127285|31.633451|33.727725
62,3,16/18,67,0.9101678337817908,True,30.127285|31.633451|33.727725
62,3,18/22,67,0.9456197565180787,True,30.127285|31.633451|33.727725
63,0,15/18,67,0.8997278684245462,True,30.100919|31.721771|33.769893
63,0,16/18,67,0.902831703134316,True,30.100919|31.721771|33.769893
63,0,18/22,67,0.9518066110213224,True,30.100919|31.721771|33.769893
63,1,15/18,66,0.899524930113805,True,30.301904|31.739062|33.900394
63,1,16/18,66,0.9018601241680049,True,30.301904|31.739062|33.900394
63,1,18/22,66,0.9508610260997951,True,30.301904|31.739062|33.900394
63,2,15/18,67,0.9072867675027146,True,30.100919|31.766323|33.749588
63,2,16/18,67,0.9180422793068277,True,30.100919|31.766323|33.749588
63,2,18/22,67,0.9521923640847725,True,30.100919|31.766323|33.749588
63,3,15/18,67,0.8925432585256109,True,30.100919|31.273802|33.684261
63,3,16/18,67,0.9023247960795915,True,30.100919|31.273802|33.684261
63,3,18/22,67,0.9423850541584772,True,30.100919|31.273802|33.684261
64,0,15/18,66,0.912111279326168,True,30.185555|31.710601|33.900394
64,0,16/18,66,0.9159472202428011,True,30.185555|31.710601|33.900394
64,0,18/22,66,0.955104969824667,True,30.185555|31.710601|33.900394
64,1,15/18,67,0.8952280157493876,True,30.117121|31.632989|33.746960
64,1,16/18,67,0.8992485346377698,True,30.117121|31.632989|33.746960
64,1,18/22,67,0.9479547320342381,True,30.117121|31.632989|33.746960
64,2,15/18,67,0.8950771600396539,True,30.296942|31.686783|33.645866
64,2,16/18,67,0.909024338051406,True,30.296942|31.686783|33.645866
64,2,18/22,67,0.9449467649836278,True,30.296942|31.686783|33.645866
64,3,15/18,67,0.8892982527070837,False,30.041772|31.746291|33.921390
64,3,16/18,67,0.8910922101160306,True,30.041772|31.746291|33.921390
64,3,18/22,67,0.9478707622079527,True,30.041772|31.746291|33.921390
65,0,15/18,67,0.9024673060602535,True,30.418170|31.736002|33.921390
65,0,16/18,67,0.9049111077260008,True,30.418170|31.736002|33.921390
65,0,18/22,67,0.9547522213093477,True,30.418170|31.736002|33.921390
65,1,15/18,66,0.8916444677713609,True,30.023052|31.732941|33.799734
65,1,16/18,66,0.8964726809262153,True,30.023052|31.732941|33.799734
65,1,18/22,66,0.9459491505642565,True,30.023052|31.732941|33.799734
65,2,15/18,67,0.9002963110463821,True,30.063956|31.736002|33.734494
65,2,16/18,67,0.9054672617923639,True,30.063956|31.736002|33.734494
65,2,18/22,67,0.9487723890965961,True,30.063956|31.736002|33.734494
65,3,15/18,67,0.887356686696284,False,30.117121|31.622592|33.639036
65,3,16/18,67,0.9084405764262551,True,30.117121|31.622592|33.639036
65,3,18/22,67,0.9405248919355025,True,30.117121|31.622592|33.639036
66,0,15/18,67,0.9046930143702976,True,30.033739|31.625814|33.746960
66,0,16/18,67,0.9133390286287926,True,30.033739|31.625814|33.746960
66,0,18/22,67,0.9514855356584143,True,30.033739|31.625814|33.746960
66,1,15/18,67,0.9026988407186877,True,30.260929|31.743951|33.746960
66,1,16/18,67,0.9171524920194157,True,30.260929|31.743951|33.746960
66,1,18/22,67,0.9496883132565007,True,30.260929|31.743951|33.746960
66,2,15/18,67,0.8984751913766449,True,30.150470|31.746291|33.931481
66,2,16/18,67,0.8994662464706948,True,30.150470|31.746291|33.931481
66,2,18/22,67,0.9495140233877036,True,30.150470|31.746291|33.931481
66,3,15/18,66,0.8799076657292839,False,30.129913|31.640625|33.777778
66,3,16/18,66,0.8861409038553552,False,30.129913|31.640625|33.777778
66,3,18/22,66,0.940637004950922,True,30.129913|31.640625|33.777778
67,0,15/18,67,0.8955248386189436,True,30.127285|31.766323|33.783267
67,0,16/18,67,0.8987063079850633,True,30.127285|31.766323|33.783267
67,0,18/22,67,0.9484995970421612,True,30.127285|31.766323|33.783267
67,1,15/18,67,0.9014467758089892,True,30.333247|31.763983|33.783267
67,1,16/18,67,0.9036078788285875,True,30.333247|31.763983|33.783267
67,1,18/22,67,0.9524849346272493,True,30.333247|31.763983|33.783267
67,2,15/18,66,0.9022360441042923,True,30.037301|31.511524|33.723570
67,2,16/18,66,0.9098888313673751,True,30.037301|31.511524|33.723570
67,2,18/22,66,0.9518966570847615,True,30.037301|31.511524|33.723570
67,3,15/18,67,0.8851874984744015,False,30.107762|31.675613|33.749588
67,3,16/18,67,0.9059266517965968,True,30.107762|31.675613|33.749588
67,3,18/22,67,0.9392141281784468,True,30.107762|31.675613|33.749588
68,0,15/18,66,0.9006393901232884,True,30.110279|31.710601|33.799734
68,0,16/18,66,0.9044059677746403,True,30.110279|31.710601|33.799734
68,0,18/22,66,0.950007489872972,True,30.110279|31.710601|33.799734
68,1,15/18,67,0.8967010426181837,True,30.301570|31.623054|33.727725
68,1,16/18,67,0.9070648049873236,True,30.301570|31.623054|33.727725
68,1,18/22,67,0.9468223089068085,True,30.301570|31.623054|33.727725
68,2,15/18,67,0.895451455740695,True,30.117121|31.721771|33.783267
68,2,16/18,67,0.8983330457776593,True,30.117121|31.721771|33.783267
68,2,18/22,67,0.9483943040948479,True,30.117121|31.721771|33.783267
68,3,15/18,67,0.9059422643914964,True,30.107762|31.740891|33.780242
68,3,16/18,67,0.9091237337576161,True,30.107762|31.740891|33.780242
68,3,18/22,67,0.9526493263449564,True,30.107762|31.740891|33.780242
69,0,15/18,67,0.8991857485864306,True,30.117121|31.675613|33.783267
69,0,16/18,67,0.9030552144636875,True,30.117121|31.675613|33.783267
69,0,18/22,67,0.9483480248322161,True,30.117121|31.675613|33.783267
69,1,15/18,66,0.8932918932689011,True,30.374829|31.748841|33.777778
69,1,16/18,66,0.8982746764986513,True,30.374829|31.748841|33.777778
69,1,18/22,66,0.9435840313839231,True,30.374829|31.748841|33.777778
69,2,15/18,67,0.9114663433394131,True,30.260929|31.751181|33.634880
69,2,16/18,67,0.9219109996398739,True,30.260929|31.751181|33.634880
69,2,18/22,67,0.9550030784634561,True,30.260929|31.751181|33.634880
69,3,15/18,67,0.8980088720695345,True,29.898265|31.565678|33.845894
69,3,16/18,67,0.8997672210823547,True,29.898265|31.565678|33.845894
69,3,18/22,67,0.9508225688417942,True,29.898265|31.565678|33.845894
70,0,15/18,66,0.8878902417020526,False,30.300571|31.748841|33.767265
70,0,16/18,66,0.8941753528063499,True,30.300571|31.748841|33.767265
70,0,18/22,66,0.9436955232628537,True,30.300571|31.748841|33.767265
70,1,15/18,67,0.9009136198366063,True,30.148190|31.565678|33.645866
70,1,16/18,67,0.9075212627511333,True,30.148190|31.565678|33.645866
70,1,18/22,67,0.9490631085272836,True,30.148190|31.565678|33.645866
70,2,15/18,67,0.8973172143319772,True,30.117121|31.667976|33.994467
70,2,16/18,67,0.8973172143319772,True,30.117121|31.667976|33.994467
70,2,18/22,67,0.9521690843468442,True,30.117121|31.667976|33.994467
70,3,15/18,67,0.9111499216923795,True,30.100919|31.751181|33.783267
70,3,16/18,67,0.9138068796947516,True,30.100919|31.751181|33.783267
70,3,18/22,67,0.9570623487580937,True,30.100919|31.751181|33.783267
71,0,15/18,67,0.9079007157656699,True,30.038210|31.675613|33.727725
71,0,16/18,67,0.9128086303305597,True,30.038210|31.675613|33.727725
71,0,18/22,67,0.9543029033001632,True,30.038210|31.675613|33.727725
71,1,15/18,67,0.8853296929495257,False,30.100919|31.459255|33.775382
71,1,16/18,67,0.8905036215748556,True,30.100919|31.459255|33.775382
71,1,18/22,67,0.9410262752651395,True,30.100919|31.459255|33.775382
71,2,15/18,67,0.8875190368628216,False,30.171644|31.966590|33.824899
71,2,16/18,67,0.8914670655345829,True,30.171644|31.966590|33.824899
71,2,18/22,67,0.94587260390408,True,30.171644|31.966590|33.824899
71,3,15/18,66,0.908422919265332,True,30.185555|31.748841|33.767265
71,3,16/18,66,0.9248679722132639,True,30.185555|31.748841|33.767265
71,3,18/22,66,0.9536934528499696,True,30.185555|31.748841|33.767265
72,0,15/18,67,0.9056116385546681,True,30.033739|31.622592|33.769893
72,0,16/18,67,0.9091398863139698,True,30.033739|31.622592|33.769893
72,0,18/22,67,0.9525130977702302,True,30.033739|31.622592|33.769893
72,1,15/18,67,0.8990118840749598,True,30.260929|31.743951|33.783267
72,1,16/18,67,0.9029668601895581,True,30.260929|31.743951|33.783267
72,1,18/22,67,0.9516976819031889,True,30.260929|31.743951|33.783267
72,2,15/18,67,0.8937818583795645,True,30.127285|31.686783|33.680106
72,2,16/18,67,0.8998881211737109,True,30.127285|31.686783|33.680106
72,2,18/22,67,0.9472202319124804,True,30.127285|31.686783|33.680106
72,3,15/18,66,0.8946500881064243,True,30.160826|31.748841|33.900394
72,3,16/18,66,0.9135345950007802,True,30.160826|31.748841|33.900394
72,3,18/22,66,0.9431090433330805,True,30.160826|31.748841|33.900394
73,0,15/18,67,0.8967458308450067,True,30.100919|31.792023|33.824899
73,0,16/18,67,0.9043346605954997,True,30.100919|31.792023|33.824899
73,0,18/22,67,0.9448616033931116,True,30.100919|31.792023|33.824899
73,1,15/18,66,0.9122047842197524,True,30.129913|31.640625|33.723570
73,1,16/18,66,0.9187704431959064,True,30.129913|31.640625|33.723570
73,1,18/22,66,0.9543699887434318,True,30.129913|31.640625|33.723570
73,2,15/18,67,0.8781851546690305,False,30.117121|31.622592|33.808432
73,2,16/18,67,0.8819873519973389,False,30.117121|31.622592|33.808432
73,2,18/22,67,0.9369397795686475,True,30.117121|31.622592|33.808432
73,3,15/18,67,0.89880768561095,True,30.296942|31.736002|33.746960
73,3,16/18,67,0.911613922420623,True,30.296942|31.736002|33.746960
73,3,18/22,67,0.9485596838526102,True,30.296942|31.736002|33.746960
74,0,15/18,67,0.8933537849667537,True,29.883620|31.675613|33.769893
74,0,16/18,67,0.9138366028224052,True,29.883620|31.675613|33.769893
74,0,18/22,67,0.9446633584458837,True,29.883620|31.675613|33.769893
74,1,15/18,67,0.8924372801272171,True,30.127285|31.675613|33.746960
74,1,16/18,67,0.8981548796111716,True,30.127285|31.675613|33.746960
74,1,18/22,67,0.9465678452326299,True,30.127285|31.675613|33.746960
74,2,15/18,66,0.8857601955099512,False,30.286054|31.732941|33.799734
74,2,16/18,66,0.8906332089361589,True,30.286054|31.732941|33.799734
74,2,18/22,66,0.9475105975281237,True,30.286054|31.732941|33.799734
74,3,15/18,67,0.9030626793470384,True,30.356598|31.724831|33.783267
74,3,16/18,67,0.9051040804381826,True,30.356598|31.724831|33.783267
74,3,18/22,67,0.9508964174723675,True,30.356598|31.724831|33.783267
75,0,15/18,66,0.8844506125219407,False,30.185555|31.626276|33.723570
75,0,16/18,66,0.8911755833809021,True,30.185555|31.626276|33.723570
75,0,18/22,66,0.9403724967600104,True,30.185555|31.626276|33.723570
75,1,15/18,67,0.8985922509674559,True,30.127285|31.675613|33.824899
75,1,16/18,67,0.9021056042819284,True,30.127285|31.675613|33.824899
75,1,18/22,67,0.9464440229108252,True,30.127285|31.675613|33.824899
75,2,15/18,67,0.9101844716269833,True,30.065446|31.751181|33.824899
75,2,16/18,67,0.9205423010980198,True,30.065446|31.751181|33.824899
75,2,18/22,67,0.9548760782405461,True,30.065446|31.751181|33.824899
75,3,15/18,67,0.8993758797204567,True,30.117121|31.686783|33.727725
75,3,16/18,67,0.9046881343415013,True,30.117121|31.686783|33.727725
75,3,18/22,67,0.9503557150618437,True,30.117121|31.686783|33.727725
76,0,15/18,67,0.9068115575918018,True,30.127285|31.622592|33.769893
76,0,16/18,67,0.9118301671423608,True,30.127285|31.622592|33.769893
76,0,18/22,67,0.9527617342856092,True,30.127285|31.622592|33.769893
76,1,15/18,67,0.8934620662878916,True,30.065446|31.736002|33.783267
76,1,16/18,67,0.8976761344030053,True,30.065446|31.736002|33.783267
76,1,18/22,67,0.9466426001727828,True,30.065446|31.736002|33.783267
76,2,15/18,67,0.9027085925013945,True,30.127285|31.675613|33.808432
76,2,16/18,67,0.9036335772558409,True,30.127285|31.675613|33.808432
76,2,18/22,67,0.9527925557363317,True,30.127285|31.675613|33.808432
76,3,15/18,66,0.8817306409392183,False,30.286054|31.732941|33.740191
76,3,16/18,66,0.9027843540857984,True,30.286054|31.732941|33.740191
76,3,18/22,66,0.9352269475870102,True,30.286054|31.732941|33.740191
77,0,15/18,66,0.9063774244363593,True,29.935721|31.217482|33.605317
77,0,16/18,66,0.91283295946319,True,29.935721|31.217482|33.605317
77,0,18/22,66,0.9547914604299779,True,29.935721|31.217482|33.605317
77,1,15/18,67,0.8980406077539084,True,30.150470|31.743951|33.775382
77,1,16/18,67,0.9030618955247194,True,30.150470|31.743951|33.775382
77,1,18/22,67,0.9477320335369878,True,30.150470|31.743951|33.775382
77,2,15/18,67,0.902158478171249,True,30.153098|31.807165|33.824899
77,2,16/18,67,0.9150517218615328,True,30.153098|31.807165|33.824899
77,2,18/22,67,0.9504899457969365,True,30.153098|31.807165|33.824899
77,3,15/18,67,0.8805762933998085,False,30.260929|31.807165|33.824899
77,3,16/18,67,0.8840640146964939,False,30.260929|31.807165|33.824899
77,3,18/22,67,0.940084574901062,True,30.260929|31.807165|33.824899
78,0,15/18,67,0.89651354815404,True,30.063956|31.352295|33.734494
78,0,16/18,67,0.9092527984546074,True,30.063956|31.352295|33.734494
78,0,18/22,67,0.9451507110357211,True,30.063956|31.352295|33.734494
78,1,15/18,66,0.8967572761920081,True,30.185555|31.753520|33.767265
78,1,16/18,66,0.9014785573014401,True,30.185555|31.753520|33.767265
78,1,18/22,66,0.9466985387332182,True,30.185555|31.753520|33.767265
78,2,15/18,67,0.8968121290083071,True,30.127285|31.675613|33.746960
78,2,16/18,67,0.9013778903002367,True,30.127285|31.675613|33.746960
78,2,18/22,67,0.9499714247424299,True,30.127285|31.675613|33.746960
78,3,15/18,67,0.9015846985723003,True,30.125005|31.746291|33.921390
78,3,16/18,67,0.9025277533756144,True,30.125005|31.746291|33.921390
78,3,18/22,67,0.9506383450415353,True,30.125005|31.746291|33.921390
79,0,15/18,66,0.9067268068864727,True,30.185555|31.640625|33.777778
79,0,16/18,66,0.9102509380961386,True,30.185555|31.640625|33.777778
79,0,18/22,66,0.9519102781025892,True,30.185555|31.640625|33.777778
79,1,15/18,67,0.8894158809917544,False,29.914088|31.623054|33.824899
79,1,16/18,67,0.9064446269661928,True,29.914088|31.623054|33.824899
79,1,18/22,67,0.9415666062131776,True,29.914088|31.623054|33.824899
79,2,15/18,67,0.8897680595797884,False,30.153098|31.640625|33.727725
79,2,16/18,67,0.894926836910022,True,30.153098|31.640625|33.727725
79,2,18/22,67,0.9431840319073462,True,30.153098|31.640625|33.727725
79,3,15/18,67,0.9090257633233554,True,30.333247|31.766323|33.769893
79,3,16/18,67,0.913282368737296,True,30.333247|31.766323|33.769893
79,3,18/22,67,0.9553627895926914,True,30.333247|31.766323|33.769893
80,0,15/18,67,0.8923640955937716,True,30.038210|31.244707|33.613808
80,0,16/18,67,0.9125075644078119,True,30.038210|31.244707|33.613808
80,0,18/22,67,0.9430053273155283,True,30.038210|31.244707|33.613808
80,1,15/18,66,0.8960598420957097,True,30.185555|31.748841|34.024742
80,1,16/18,66,0.8960598420957097,True,30.185555|31.748841|34.024742
80,1,18/22,66,0.9488601312688141,True,30.185555|31.748841|34.024742
80,2,15/18,67,0.9004393857338672,True,30.260929|31.835571|33.746960
80,2,16/18,67,0.903887889155522,True,30.260929|31.835571|33.746960
80,2,18/22,67,0.9520654267707691,True,30.260929|31.835571|33.746960
80,3,15/18,67,0.8997447221180687,True,30.100919|31.724831|33.769893
80,3,16/18,67,0.9037830790992101,True,30.100919|31.724831|33.769893
80,3,18/22,67,0.9506650472880511,True,30.100919|31.724831|33.769893
81,0,15/18,67,0.8890999788537474,False,30.301570|31.763983|33.769893
81,0,16/18,67,0.8941778938178986,True,30.301570|31.763983|33.769893
81,0,18/22,67,0.9424001018363958,True,30.301570|31.763983|33.769893
81,1,15/18,67,0.8972436171767747,True,30.065446|31.668439|33.921390
81,1,16/18,67,0.8972436171767747,True,30.065446|31.668439|33.921390
81,1,18/22,67,0.9498566351032911,True,30.065446|31.668439|33.921390
81,2,15/18,67,0.9159397076690673,True,30.100919|31.640625|33.746960
81,2,16/18,67,0.9203487494484031,True,30.100919|31.640625|33.746960
81,2,18/22,67,0.9592222363132686,True,30.100919|31.640625|33.746960
81,3,15/18,66,0.8958505151092271,True,30.129913|31.710601|33.767265
81,3,16/18,66,0.9053480563819285,True,30.129913|31.710601|33.767265
81,3,18/22,66,0.9450350516218791,True,30.129913|31.710601|33.767265
82,0,15/18,66,0.8969830120530664,True,30.129913|31.626276|33.984375
82,0,16/18,66,0.8980463550837546,True,30.129913|31.626276|33.984375
82,0,18/22,66,0.9454424853086761,True,30.129913|31.626276|33.984375
82,1,15/18,67,0.899885759772705,True,30.117121|31.625814|33.746960
82,1,16/18,67,0.9043675661297416,True,30.117121|31.625814|33.746960
82,1,18/22,67,0.9495577216197857,True,30.117121|31.625814|33.746960
82,2,15/18,67,0.8991579560398291,True,30.297941|31.944741|33.921390
82,2,16/18,67,0.9004587269754804,True,30.297941|31.944741|33.921390
82,2,18/22,67,0.9513216124367784,True,30.297941|31.944741|33.921390
82,3,15/18,67,0.9066279852213279,True,30.034352|31.640625|33.680106
82,3,16/18,67,0.9131271315360225,True,30.034352|31.640625|33.680106
82,3,18/22,67,0.9546413113942573,True,30.034352|31.640625|33.680106
83,0,15/18,66,0.8865891625787609,False,30.301904|31.835938|33.984375
83,0,16/18,66,0.8885211167114727,False,30.301904|31.835938|33.984375
83,0,18/22,66,0.9420953587516137,True,30.301904|31.835938|33.984375
83,1,15/18,67,0.9124013234580576,True,30.100919|31.625814|33.749588
83,1,16/18,67,0.9183305605270835,True,30.100919|31.625814|33.749588
83,1,18/22,67,0.9551837399566987,True,30.100919|31.625814|33.749588
83,2,15/18,67,0.8938512482624331,True,30.153098|31.640625|33.727725
83,2,16/18,67,0.8997383490322107,True,30.153098|31.640625|33.727725
83,2,18/22,67,0.9472083796329591,True,30.153098|31.640625|33.727725
83,3,15/18,67,0.904581361261104,True,30.065446|31.633451|33.775382
83,3,16/18,67,0.9087759227532908,True,30.065446|31.633451|33.775382
83,3,18/22,67,0.9519717167329347,True,30.065446|31.633451|33.775382
84,0,15/18,66,0.8743580699936344,False,30.185555|31.748841|33.799734
84,0,16/18,66,0.8970244870263133,True,30.185555|31.748841|33.799734
84,0,18/22,66,0.9318003483740498,True,30.185555|31.748841|33.799734
84,1,15/18,67,0.9042548470382612,True,30.065446|31.743951|33.824899
84,1,16/18,67,0.9167258681472857,True,30.065446|31.743951|33.824899
84,1,18/22,67,0.9512689003023478,True,30.065446|31.743951|33.824899
84,2,15/18,67,0.8974483279775003,True,30.153098|31.623054|33.746960
84,2,16/18,67,0.9017841720058689,True,30.153098|31.623054|33.746960
84,2,18/22,67,0.9510045692669975,True,30.153098|31.623054|33.746960
84,3,15/18,67,0.8968273188911708,True,30.127285|31.640625|33.664509
84,3,16/18,67,0.9038586346858698,True,30.127285|31.640625|33.664509
84,3,18/22,67,0.9474349149575303,True,30.127285|31.640625|33.664509
85,0,15/18,67,0.8864323370881869,False,30.127285|31.640625|33.994467
85,0,16/18,67,0.8864323370881869,False,30.127285|31.640625|33.994467
85,0,18/22,67,0.9436874225376062,True,30.127285|31.640625|33.994467
85,1,15/18,67,0.8949034698994609,True,30.117121|31.273802|33.680106
85,1,16/18,67,0.9016935405493536,True,30.117121|31.273802|33.680106
85,1,18/22,67,0.94720051266345,True,30.117121|31.273802|33.680106
85,2,15/18,67,0.9036366756442571,True,30.171644|31.807165|33.746960
85,2,16/18,67,0.9075613872832893,True,30.171644|31.807165|33.746960
85,2,18/22,67,0.9548363142326358,True,30.171644|31.807165|33.746960
85,3,15/18,66,0.9092936496935371,True,30.119402|31.732941|33.777778
85,3,16/18,66,0.924781151226428,True,30.119402|31.732941|33.777778
85,3,18/22,66,0.9531838452487469,True,30.119402|31.732941|33.777778
86,0,15/18,67,0.9075401667691368,True,30.301570|31.724831|33.824899
86,0,16/18,67,0.9106030705763645,True,30.301570|31.724831|33.824899
86,0,18/22,67,0.9533643834294055,True,30.301570|31.724831|33.824899
86,1,15/18,66,0.9080043611087051,True,29.935721|31.626276|33.777778
86,1,16/18,66,0.9144760725891556,True,29.935721|31.626276|33.777778
86,1,18/22,66,0.9532059818538207,True,29.935721|31.626276|33.777778
86,2,15/18,67,0.8936374222065133,True,30.260929|31.746291|33.746960
86,2,16/18,67,0.8987831283737818,True,30.260929|31.746291|33.746960
86,2,18/22,67,0.9476279227297666,True,30.260929|31.746291|33.746960
86,3,15/18,67,0.8871848881224472,False,30.093525|31.630228|33.734494
86,3,16/18,67,0.8943352466644661,True,30.093525|31.630228|33.734494
86,3,18/22,67,0.9418601664489065,True,30.093525|31.630228|33.734494
87,0,15/18,67,0.8858560404328579,False,30.041772|31.633451|33.746960
87,0,16/18,67,0.8995216449027745,True,30.041772|31.633451|33.746960
87,0,18/22,67,0.9399693188308275,True,30.041772|31.633451|33.746960
87,1,15/18,67,0.9091465925226123,True,30.033739|31.633451|33.538981
87,1,16/18,67,0.9159398638136562,True,30.033739|31.633451|33.538981
87,1,18/22,67,0.95686573611394,True,30.033739|31.633451|33.538981
87,2,15/18,67,0.898412564506626,True,30.150470|31.633451|33.824899
87,2,16/18,67,0.9008554442401667,True,30.150470|31.633451|33.824899
87,2,18/22,67,0.9469424145036226,True,30.150470|31.633451|33.824899
87,3,15/18,66,0.9073070910817123,True,30.385571|31.835205|33.984375
87,3,16/18,66,0.9099223403187258,True,30.385571|31.835205|33.984375
87,3,18/22,66,0.9506596982870857,True,30.385571|31.835205|33.984375
88,0,15/18,67,0.9026776371190977,True,30.296942|31.807165|33.824899
88,0,16/18,67,0.9064656243381847,True,30.296942|31.807165|33.824899
88,0,18/22,67,0.9509691736222912,True,30.296942|31.807165|33.824899
88,1,15/18,67,0.9020312839100634,True,30.065446|31.807165|33.783267
88,1,16/18,67,0.9072113762702906,True,30.065446|31.807165|33.783267
88,1,18/22,67,0.9480819282681487,True,30.065446|31.807165|33.783267
88,2,15/18,67,0.8931735207508309,True,30.127285|31.327479|33.660354
88,2,16/18,67,0.9009439622647077,True,30.127285|31.327479|33.660354
88,2,18/22,67,0.9470594067877224,True,30.127285|31.327479|33.660354
88,3,15/18,66,0.902624741408558,True,30.072841|31.625352|33.777778
88,3,16/18,66,0.9063957073551668,True,30.072841|31.625352|33.777778
88,3,18/22,66,0.9510600666850948,True,30.072841|31.625352|33.777778
89,0,15/18,67,0.894517158973704,True,30.117121|31.640625|33.824899
89,0,16/18,67,0.8978125622005053,True,30.117121|31.640625|33.824899
89,0,18/22,67,0.9447024767275203,True,30.117121|31.640625|33.824899
89,1,15/18,67,0.892207432260853,True,30.153098|31.736002|33.783267
89,1,16/18,67,0.8955701367836192,True,30.153098|31.736002|33.783267
89,1,18/22,67,0.9484283850367399,True,30.153098|31.736002|33.783267
89,2,15/18,66,0.9027624173635107,True,30.301904|31.835205|33.900394
89,2,16/18,66,0.9052559024419352,True,30.301904|31.835205|33.900394
89,2,18/22,66,0.9508001209057403,True,30.301904|31.835205|33.900394
89,3,15/18,67,0.9055108864548704,True,30.001219|31.565678|33.431510
89,3,16/18,67,0.9146963495363001,True,30.001219|31.565678|33.431510
89,3,18/22,67,0.951294832390004,True,30.001219|31.565678|33.431510
90,0,15/18,67,0.9026422732194825,True,30.117121|31.625814|33.645866
90,0,16/18,67,0.908267472621927,True,30.117121|31.625814|33.645866
90,0,18/22,67,0.9531311508300724,True,30.117121|31.625814|33.645866
90,1,15/18,67,0.897159103955555,True,30.333247|31.721771|33.769893
90,1,16/18,67,0.9038388751662141,True,30.333247|31.721771|33.769893
90,1,18/22,67,0.9452526589139465,True,30.333247|31.721771|33.769893
90,2,15/18,67,0.8921589873957477,True,30.117121|31.622592|33.783267
90,2,16/18,67,0.9002105034914554,True,30.117121|31.622592|33.783267
90,2,18/22,67,0.9430510032971827,True,30.117121|31.622592|33.783267
90,3,15/18,66,0.9090979503412788,True,30.023052|31.835938|33.984375
90,3,16/18,66,0.9090979503412788,True,30.023052|31.835938|33.984375
90,3,18/22,66,0.9556730056945228,True,30.023052|31.835938|33.984375
91,0,15/18,67,0.8986113121053857,True,30.041772|31.633451|33.727725
91,0,16/18,67,0.9155570015373051,True,30.041772|31.633451|33.727725
91,0,18/22,67,0.9462500542156299,True,30.041772|31.633451|33.727725
91,1,15/18,66,0.8926913071270534,True,30.286054|31.739062|33.799734
91,1,16/18,66,0.8957903655842036,True,30.286054|31.739062|33.799734
91,1,18/22,66,0.9469980306959473,True,30.286054|31.739062|33.799734
91,2,15/18,67,0.8942077164107771,True,30.041772|31.459255|33.769893
91,2,16/18,67,0.8984866494944177,True,30.041772|31.459255|33.769893
91,2,18/22,67,0.947938194886658,True,30.041772|31.459255|33.769893
91,3,15/18,67,0.8953841458256977,True,30.301570|31.835571|33.824899
91,3,16/18,67,0.907527848637747,True,30.301570|31.835571|33.824899
91,3,18/22,67,0.9474180516022673,True,30.301570|31.835571|33.824899
92,0,15/18,67,0.8926434246833047,True,30.247019|31.751181|33.808432
92,0,16/18,67,0.8955479094126034,True,30.247019|31.751181|33.808432
92,0,18/22,67,0.9447691204249138,True,30.247019|31.751181|33.808432
92,1,15/18,66,0.896696497792772,True,30.119402|31.619832|33.605317
92,1,16/18,66,0.9039627360731157,True,30.119402|31.619832|33.605317
92,1,18/22,66,0.9492523764123472,True,30.119402|31.619832|33.605317
92,2,15/18,67,0.8911800010651091,True,30.100919|31.736002|33.921390
92,2,16/18,67,0.8936238027308564,True,30.100919|31.736002|33.921390
92,2,18/22,67,0.9423780525919008,True,30.100919|31.736002|33.921390
92,3,15/18,67,0.9067670724396097,True,30.153098|31.721771|33.845894
92,3,16/18,67,0.9239281226829349,True,30.153098|31.721771|33.845894
92,3,18/22,67,0.9542770217827521,True,30.153098|31.721771|33.845894
93,0,15/18,66,0.9107062705829598,True,30.374829|31.835938|33.777778
93,0,16/18,66,0.9147805890902687,True,30.374829|31.835938|33.777778
93,0,18/22,66,0.9551055557719597,True,30.374829|31.835938|33.777778
93,1,15/18,67,0.8978574402061414,True,30.007698|31.675613|33.783267
93,1,16/18,67,0.9008533864767301,True,30.007698|31.675613|33.783267
93,1,18/22,67,0.947514943350272,True,30.007698|31.675613|33.783267
93,2,15/18,67,0.8856529403967092,False,30.100919|31.640625|33.746960
93,2,16/18,67,0.8923108543790477,True,30.100919|31.640625|33.746960
93,2,18/22,67,0.9412261109084891,True,30.100919|31.640625|33.746960
93,3,15/18,67,0.8966531584903296,True,30.107762|31.459255|33.767776
93,3,16/18,67,0.9114401626994222,True,30.107762|31.459255|33.767776
93,3,18/22,67,0.9449525955983016,True,30.107762|31.459255|33.767776
94,0,15/18,67,0.8951837718033867,True,30.100919|31.721771|33.921390
94,0,16/18,67,0.8965759110542725,True,30.100919|31.721771|33.921390
94,0,18/22,67,0.9489789538805714,True,30.100919|31.721771|33.921390
94,1,15/18,67,0.9011034755909372,True,30.296942|31.675613|33.746960
94,1,16/18,67,0.9073231315087864,True,30.296942|31.675613|33.746960
94,1,18/22,67,0.9478947329346268,True,30.296942|31.675613|33.746960
94,2,15/18,66,0.8977906136324433,True,30.043262|31.625352|33.723570
94,2,16/18,66,0.9044661789891786,True,30.043262|31.625352|33.723570
94,2,18/22,66,0.9486291801196138,True,30.043262|31.625352|33.723570
94,3,15/18,67,0.9086640179820974,True,30.179373|31.751181|33.775382
94,3,16/18,67,0.9122323841755913,True,30.179373|31.751181|33.775382
94,3,18/22,67,0.9547605859058751,True,30.179373|31.751181|33.775382
95,0,15/18,66,0.8940887111653609,True,30.185555|31.779126|33.984375
95,0,16/18,66,0.8950796239915303,True,30.185555|31.779126|33.984375
95,0,18/22,66,0.9437306436010182,True,30.185555|31.779126|33.984375
95,1,15/18,67,0.9025240853672546,True,30.296942|31.743951|33.645866
95,1,16/18,67,0.9098254861607532,True,30.296942|31.743951|33.645866
95,1,18/22,67,0.950912724291653,True,30.296942|31.743951|33.645866
95,2,15/18,67,0.8904034883650751,True,30.153098|31.675613|33.727725
95,2,16/18,67,0.8961859125059045,True,30.153098|31.675613|33.727725
95,2,18/22,67,0.9468235544853523,True,30.153098|31.675613|33.727725
95,3,15/18,67,0.9093322308948417,True,29.914088|31.352295|33.783267
95,3,16/18,67,0.9163557411537111,True,29.914088|31.352295|33.783267
95,3,18/22,67,0.9538753669871842,True,29.914088|31.352295|33.783267
96,0,15/18,67,0.8945629430953678,True,30.115645|31.351281|33.769893
96,0,16/18,67,0.8986795739073679,True,30.115645|31.351281|33.769893
96,0,18/22,67,0.9462068829366901,True,30.115645|31.351281|33.769893
96,1,15/18,67,0.9002557812153422,True,30.260929|31.763983|33.769893
96,1,16/18,67,0.9055871924166324,True,30.260929|31.763983|33.769893
96,1,18/22,67,0.9536397243412762,True,30.260929|31.763983|33.769893
96,2,15/18,67,0.9017596017387661,True,30.256278|31.888473|33.749588
96,2,16/18,67,0.9066704180523433,True,30.256278|31.888473|33.749588
96,2,18/22,67,0.9511790758995053,True,30.256278|31.888473|33.749588
96,3,15/18,66,0.8978878356453216,True,30.023052|31.625352|33.799734
96,3,16/18,66,0.913166135427025,True,30.023052|31.625352|33.799734
96,3,18/22,66,0.9454539697246349,True,30.023052|31.625352|33.799734
97,0,15/18,67,0.8901516729578729,True,29.898265|31.625814|33.775382
97,0,16/18,67,0.8959752613262552,True,29.898265|31.625814|33.775382
97,0,18/22,67,0.9476856900592783,True,29.898265|31.625814|33.775382
97,1,15/18,67,0.9019065010260684,True,30.301570|31.632989|33.769893
97,1,16/18,67,0.9202330149491752,True,30.301570|31.632989|33.769893
97,1,18/22,67,0.9495490716884051,True,30.301570|31.632989|33.769893
97,2,15/18,66,0.8970697620207,True,30.110279|31.748841|33.777778
97,2,16/18,66,0.8999545590525238,True,30.110279|31.748841|33.777778
97,2,18/22,66,0.9482110264491854,True,30.110279|31.748841|33.777778
97,3,15/18,67,0.8966905127078191,True,30.179373|31.766323|33.769893
97,3,16/18,67,0.9018475360154306,True,30.179373|31.766323|33.769893
97,3,18/22,67,0.9494805737222848,True,30.179373|31.766323|33.769893
98,0,15/18,66,0.9054190778588038,True,30.110279|31.640625|33.900394
98,0,16/18,66,0.9096491085785479,True,30.110279|31.640625|33.900394
98,0,18/22,66,0.9558260526667292,True,30.110279|31.640625|33.900394
98,1,15/18,67,0.8925416721219088,True,30.100919|31.633451|33.734494
98,1,16/18,67,0.8972627845692823,True,30.100919|31.633451|33.734494
98,1,18/22,67,0.9459920172612906,True,30.100919|31.633451|33.734494
98,2,15/18,67,0.9024802560347548,True,30.153098|31.751181|33.749588
98,2,16/18,67,0.9120148190176995,True,30.153098|31.751181|33.749588
98,2,18/22,67,0.9513124389462607,True,30.153098|31.751181|33.749588
98,3,15/18,67,0.8911065159267324,True,30.171644|31.721771|33.783267
98,3,16/18,67,0.9018429398593374,True,30.171644|31.721771|33.783267
98,3,18/22,67,0.9421714663098563,True,30.171644|31.721771|33.783267
99,0,15/18,66,0.8875622719834674,False,30.110279|31.710601|33.723570
99,0,16/18,66,0.8962308186673086,True,30.110279|31.710601|33.723570
99,0,18/22,66,0.9442207076756024,True,30.110279|31.710601|33.723570
99,1,15/18,67,0.8923021540705296,True,30.127285|31.640625|33.727725
99,1,16/18,67,0.9122377398648218,True,30.127285|31.640625|33.727725
99,1,18/22,67,0.9426130935112745,True,30.127285|31.640625|33.727725
99,2,15/18,67,0.9025052352741958,True,30.153098|31.721771|33.824899
99,2,16/18,67,0.9098516969729912,True,30.153098|31.721771|33.824899
99,2,18/22,67,0.9490925586699397,True,30.153098|31.721771|33.824899
99,3,15/18,67,0.8883175236596815,False,30.127285|31.736002|33.783267
99,3,16/18,67,0.8903196644408106,True,30.127285|31.736002|33.783267
99,3,18/22,67,0.9432311613580746,True,30.127285|31.736002|33.783267
